tls_version_ordinal,cipher_strength_score,forward_secrecy,starttls_used,auth_before_tls,cert_days_until_expiry,cert_key_bits,cert_self_signed,cert_sig_algo_weak,num_rule_findings,max_finding_severity_ordinal,protocol_ordinal,port_is_implicit_tls,starttls_advertised,starttls_requested,plaintext_after_starttls,handshake_complete,session_complete,num_commands,cert_chain_length,cert_hostname_match,cert_trust_status_ordinal,tls_ocsp_stapled,severity_label,scenario,session_id,protocol,server_port,is_anomaly,num_findings,finding_ids
4,3,1,1,0,0,0,0,0,0,0,0,0,1,1,0,1,1,8,0,-1,1,0,Low,hardened,smtp-stream-0,SMTP,587,0,0,
4,3,1,1,0,0,0,0,0,0,0,0,0,1,1,0,1,1,8,0,-1,1,0,Low,hardened,smtp-stream-0,SMTP,587,0,0,
4,3,1,1,0,0,0,0,0,0,0,0,0,1,1,0,1,1,8,0,-1,1,0,Low,hardened,smtp-stream-0,SMTP,587,0,0,
4,3,1,1,0,0,0,0,0,0,0,0,0,1,1,0,1,1,8,0,-1,1,0,Low,hardened,smtp-stream-0,SMTP,587,0,0,
4,3,1,1,0,0,0,0,0,0,0,0,0,1,1,0,1,1,8,0,-1,1,0,Low,hardened,smtp-stream-0,SMTP,587,0,0,
4,3,1,1,0,0,0,0,0,0,0,0,0,1,1,0,1,1,8,0,-1,1,0,Low,hardened,smtp-stream-0,SMTP,587,0,0,
4,3,1,1,0,0,0,0,0,0,0,0,0,1,1,0,1,1,8,0,-1,1,0,Low,hardened,smtp-stream-0,SMTP,587,0,0,
4,3,1,1,0,0,0,0,0,0,0,0,0,1,1,0,1,1,8,0,-1,1,0,Low,hardened,smtp-stream-0,SMTP,587,0,0,
4,3,1,1,0,0,0,0,0,0,0,0,0,1,1,0,1,1,8,0,-1,1,0,Low,hardened,smtp-stream-0,SMTP,587,0,0,
4,3,1,1,0,0,0,0,0,0,0,0,0,1,1,0,1,1,8,0,-1,1,0,Low,hardened,smtp-stream-0,SMTP,587,0,0,
4,3,1,1,0,0,0,0,0,0,0,0,0,1,1,0,1,1,8,0,-1,1,0,Low,hardened,smtp-stream-0,SMTP,587,0,0,
4,3,1,1,0,0,0,0,0,0,0,0,0,1,1,0,1,1,8,0,-1,1,0,Low,hardened,smtp-stream-0,SMTP,587,0,0,
4,3,1,1,0,0,0,0,0,0,0,0,0,1,1,0,1,1,8,0,-1,1,0,Low,hardened,smtp-stream-0,SMTP,587,0,0,
4,3,1,1,0,0,0,0,0,0,0,0,0,1,1,0,1,1,8,0,-1,1,0,Low,hardened,smtp-stream-0,SMTP,587,0,0,
4,3,1,1,0,0,0,0,0,0,0,0,0,1,1,0,1,1,8,0,-1,1,0,Low,hardened,smtp-stream-0,SMTP,587,0,0,
4,3,1,1,0,0,0,0,0,0,0,0,0,1,1,0,1,1,8,0,-1,1,0,Low,hardened,smtp-stream-0,SMTP,587,0,0,
4,3,1,1,0,0,0,0,0,0,0,0,0,1,1,0,1,1,8,0,-1,1,0,Low,hardened,smtp-stream-0,SMTP,587,0,0,
4,3,1,1,0,0,0,0,0,0,0,0,0,1,1,0,1,1,8,0,-1,1,0,Low,hardened,smtp-stream-0,SMTP,587,0,0,
4,3,1,1,0,0,0,0,0,0,0,0,0,1,1,0,1,1,8,0,-1,1,0,Low,hardened,smtp-stream-0,SMTP,587,0,0,
4,3,1,1,0,0,0,0,0,0,0,0,0,1,1,0,1,1,8,0,-1,1,0,Low,hardened,smtp-stream-0,SMTP,587,0,0,
4,3,1,1,0,0,0,0,0,0,0,0,0,1,1,0,1,1,8,0,-1,1,0,Low,hardened,smtp-stream-0,SMTP,587,0,0,
4,3,1,1,0,0,0,0,0,0,0,0,0,1,1,0,1,1,8,0,-1,1,0,Low,hardened,smtp-stream-0,SMTP,587,0,0,
4,3,1,1,0,0,0,0,0,0,0,0,0,1,1,0,1,1,8,0,-1,1,0,Low,hardened,smtp-stream-0,SMTP,587,0,0,
4,3,1,1,0,0,0,0,0,0,0,0,0,1,1,0,1,1,8,0,-1,1,0,Low,hardened,smtp-stream-0,SMTP,587,0,0,
4,3,1,1,0,0,0,0,0,0,0,0,0,1,1,0,1,1,8,0,-1,1,0,Low,hardened,smtp-stream-0,SMTP,587,0,0,
4,3,1,1,0,0,0,0,0,0,0,0,0,1,1,0,1,1,8,0,-1,1,0,Low,hardened,smtp-stream-0,SMTP,587,0,0,
4,3,1,1,0,0,0,0,0,0,0,0,0,1,1,0,1,1,8,0,-1,1,0,Low,hardened,smtp-stream-0,SMTP,587,0,0,
4,3,1,1,0,0,0,0,0,0,0,0,0,1,1,0,1,1,8,0,-1,1,0,Low,hardened,smtp-stream-0,SMTP,587,0,0,
4,3,1,1,0,0,0,0,0,0,0,0,0,1,1,0,1,1,8,0,-1,1,0,Low,hardened,smtp-stream-0,SMTP,587,0,0,
4,3,1,1,0,0,0,0,0,0,0,0,0,1,1,0,1,1,8,0,-1,1,0,Low,hardened,smtp-stream-0,SMTP,587,0,0,
4,3,1,1,0,0,0,0,0,0,0,0,0,1,1,0,1,1,8,0,-1,1,0,Low,hardened,smtp-stream-0,SMTP,587,0,0,
4,3,1,1,0,0,0,0,0,0,0,0,0,1,1,0,1,1,8,0,-1,1,0,Low,hardened,smtp-stream-0,SMTP,587,0,0,
4,3,1,1,0,0,0,0,0,0,0,0,0,1,1,0,1,1,8,0,-1,1,0,Low,hardened,smtp-stream-0,SMTP,587,0,0,
4,3,1,1,0,0,0,0,0,0,0,0,0,1,1,0,1,1,8,0,-1,1,0,Low,hardened,smtp-stream-0,SMTP,587,0,0,
4,3,1,1,0,0,0,0,0,0,0,0,0,1,1,0,1,1,8,0,-1,1,0,Low,hardened,smtp-stream-0,SMTP,587,0,0,
4,3,1,1,0,0,0,0,0,0,0,0,0,1,1,0,1,1,8,0,-1,1,0,Low,hardened,smtp-stream-0,SMTP,587,0,0,
4,3,1,1,0,0,0,0,0,0,0,0,0,1,1,0,1,1,8,0,-1,1,0,Low,hardened,smtp-stream-0,SMTP,587,0,0,
4,3,1,1,0,0,0,0,0,0,0,0,0,1,1,0,1,1,8,0,-1,1,0,Low,hardened,smtp-stream-0,SMTP,587,0,0,
4,3,1,1,0,0,0,0,0,0,0,0,0,1,1,0,1,1,8,0,-1,1,0,Low,hardened,smtp-stream-0,SMTP,587,0,0,
4,3,1,1,0,0,0,0,0,0,0,0,0,1,1,0,1,1,8,0,-1,1,0,Low,hardened,smtp-stream-0,SMTP,587,0,0,
4,3,1,1,0,0,0,0,0,0,0,0,0,1,1,0,1,1,8,0,-1,1,0,Low,hardened,smtp-stream-0,SMTP,587,0,0,
4,3,1,1,0,0,0,0,0,0,0,0,0,1,1,0,1,1,8,0,-1,1,0,Low,hardened,smtp-stream-0,SMTP,587,0,0,
4,3,1,1,0,0,0,0,0,0,0,0,0,1,1,0,1,1,8,0,-1,1,0,Low,hardened,smtp-stream-0,SMTP,587,0,0,
4,3,1,1,0,0,0,0,0,0,0,0,0,1,1,0,1,1,8,0,-1,1,0,Low,hardened,smtp-stream-0,SMTP,587,0,0,
4,3,1,1,0,0,0,0,0,0,0,0,0,1,1,0,1,1,8,0,-1,1,0,Low,hardened,smtp-stream-0,SMTP,587,0,0,
4,3,1,1,0,0,0,0,0,0,0,0,0,1,1,0,1,1,8,0,-1,1,0,Low,hardened,smtp-stream-0,SMTP,587,0,0,
4,3,1,1,0,0,0,0,0,0,0,0,0,1,1,0,1,1,8,0,-1,1,0,Low,hardened,smtp-stream-0,SMTP,587,0,0,
4,3,1,1,0,0,0,0,0,0,0,0,0,1,1,0,1,1,8,0,-1,1,0,Low,hardened,smtp-stream-0,SMTP,587,0,0,
4,3,1,1,0,0,0,0,0,0,0,0,0,1,1,0,1,1,8,0,-1,1,0,Low,hardened,smtp-stream-0,SMTP,587,0,0,
4,3,1,1,0,0,0,0,0,0,0,0,0,1,1,0,1,1,8,0,-1,1,0,Low,hardened,smtp-stream-0,SMTP,587,0,0,
-1,0,0,0,1,0,0,0,0,2,4,0,0,1,0,0,0,1,7,0,-1,1,0,Critical,cleartext_auth,smtp-stream-0,SMTP,587,1,2,STARTTLS-002|AUTH-001
-1,0,0,0,1,0,0,0,0,1,4,1,0,0,0,0,0,1,4,0,-1,1,0,Critical,cleartext_auth,imap-stream-1,IMAP,143,1,1,AUTH-001
-1,0,0,0,1,0,0,0,0,1,4,2,0,0,0,0,0,1,6,0,-1,1,0,Critical,cleartext_auth,pop3-stream-2,POP3,110,1,1,AUTH-001
-1,0,0,0,1,0,0,0,0,2,4,0,0,1,0,0,0,1,7,0,-1,1,0,Critical,cleartext_auth,smtp-stream-0,SMTP,587,1,2,STARTTLS-002|AUTH-001
-1,0,0,0,1,0,0,0,0,1,4,1,0,0,0,0,0,1,4,0,-1,1,0,Critical,cleartext_auth,imap-stream-1,IMAP,143,1,1,AUTH-001
-1,0,0,0,1,0,0,0,0,1,4,2,0,0,0,0,0,1,6,0,-1,1,0,Critical,cleartext_auth,pop3-stream-2,POP3,110,1,1,AUTH-001
-1,0,0,0,1,0,0,0,0,2,4,0,0,1,0,0,0,1,7,0,-1,1,0,Critical,cleartext_auth,smtp-stream-0,SMTP,587,1,2,STARTTLS-002|AUTH-001
-1,0,0,0,1,0,0,0,0,1,4,1,0,0,0,0,0,1,4,0,-1,1,0,Critical,cleartext_auth,imap-stream-1,IMAP,143,1,1,AUTH-001
-1,0,0,0,1,0,0,0,0,1,4,2,0,0,0,0,0,1,6,0,-1,1,0,Critical,cleartext_auth,pop3-stream-2,POP3,110,1,1,AUTH-001
-1,0,0,0,1,0,0,0,0,2,4,0,0,1,0,0,0,1,7,0,-1,1,0,Critical,cleartext_auth,smtp-stream-0,SMTP,587,1,2,STARTTLS-002|AUTH-001
-1,0,0,0,1,0,0,0,0,1,4,1,0,0,0,0,0,1,4,0,-1,1,0,Critical,cleartext_auth,imap-stream-1,IMAP,143,1,1,AUTH-001
-1,0,0,0,1,0,0,0,0,1,4,2,0,0,0,0,0,1,6,0,-1,1,0,Critical,cleartext_auth,pop3-stream-2,POP3,110,1,1,AUTH-001
-1,0,0,0,1,0,0,0,0,2,4,0,0,1,0,0,0,1,7,0,-1,1,0,Critical,cleartext_auth,smtp-stream-0,SMTP,587,1,2,STARTTLS-002|AUTH-001
-1,0,0,0,1,0,0,0,0,1,4,1,0,0,0,0,0,1,4,0,-1,1,0,Critical,cleartext_auth,imap-stream-1,IMAP,143,1,1,AUTH-001
-1,0,0,0,1,0,0,0,0,1,4,2,0,0,0,0,0,1,6,0,-1,1,0,Critical,cleartext_auth,pop3-stream-2,POP3,110,1,1,AUTH-001
-1,0,0,0,1,0,0,0,0,2,4,0,0,1,0,0,0,1,7,0,-1,1,0,Critical,cleartext_auth,smtp-stream-0,SMTP,587,1,2,STARTTLS-002|AUTH-001
-1,0,0,0,1,0,0,0,0,1,4,1,0,0,0,0,0,1,4,0,-1,1,0,Critical,cleartext_auth,imap-stream-1,IMAP,143,1,1,AUTH-001
-1,0,0,0,1,0,0,0,0,1,4,2,0,0,0,0,0,1,6,0,-1,1,0,Critical,cleartext_auth,pop3-stream-2,POP3,110,1,1,AUTH-001
-1,0,0,0,1,0,0,0,0,2,4,0,0,1,0,0,0,1,7,0,-1,1,0,Critical,cleartext_auth,smtp-stream-0,SMTP,587,1,2,STARTTLS-002|AUTH-001
-1,0,0,0,1,0,0,0,0,1,4,1,0,0,0,0,0,1,4,0,-1,1,0,Critical,cleartext_auth,imap-stream-1,IMAP,143,1,1,AUTH-001
-1,0,0,0,1,0,0,0,0,1,4,2,0,0,0,0,0,1,6,0,-1,1,0,Critical,cleartext_auth,pop3-stream-2,POP3,110,1,1,AUTH-001
-1,0,0,0,1,0,0,0,0,2,4,0,0,1,0,0,0,1,7,0,-1,1,0,Critical,cleartext_auth,smtp-stream-0,SMTP,587,1,2,STARTTLS-002|AUTH-001
-1,0,0,0,1,0,0,0,0,1,4,1,0,0,0,0,0,1,4,0,-1,1,0,Critical,cleartext_auth,imap-stream-1,IMAP,143,1,1,AUTH-001
-1,0,0,0,1,0,0,0,0,1,4,2,0,0,0,0,0,1,6,0,-1,1,0,Critical,cleartext_auth,pop3-stream-2,POP3,110,1,1,AUTH-001
-1,0,0,0,1,0,0,0,0,2,4,0,0,1,0,0,0,1,7,0,-1,1,0,Critical,cleartext_auth,smtp-stream-0,SMTP,587,1,2,STARTTLS-002|AUTH-001
-1,0,0,0,1,0,0,0,0,1,4,1,0,0,0,0,0,1,4,0,-1,1,0,Critical,cleartext_auth,imap-stream-1,IMAP,143,1,1,AUTH-001
-1,0,0,0,1,0,0,0,0,1,4,2,0,0,0,0,0,1,6,0,-1,1,0,Critical,cleartext_auth,pop3-stream-2,POP3,110,1,1,AUTH-001
-1,0,0,0,1,0,0,0,0,2,4,0,0,1,0,0,0,1,7,0,-1,1,0,Critical,cleartext_auth,smtp-stream-0,SMTP,587,1,2,STARTTLS-002|AUTH-001
-1,0,0,0,1,0,0,0,0,1,4,1,0,0,0,0,0,1,4,0,-1,1,0,Critical,cleartext_auth,imap-stream-1,IMAP,143,1,1,AUTH-001
-1,0,0,0,1,0,0,0,0,1,4,2,0,0,0,0,0,1,6,0,-1,1,0,Critical,cleartext_auth,pop3-stream-2,POP3,110,1,1,AUTH-001
-1,0,0,0,1,0,0,0,0,2,4,0,0,1,0,0,0,1,7,0,-1,1,0,Critical,cleartext_auth,smtp-stream-0,SMTP,587,1,2,STARTTLS-002|AUTH-001
-1,0,0,0,1,0,0,0,0,1,4,1,0,0,0,0,0,1,4,0,-1,1,0,Critical,cleartext_auth,imap-stream-1,IMAP,143,1,1,AUTH-001
-1,0,0,0,1,0,0,0,0,1,4,2,0,0,0,0,0,1,6,0,-1,1,0,Critical,cleartext_auth,pop3-stream-2,POP3,110,1,1,AUTH-001
-1,0,0,0,1,0,0,0,0,2,4,0,0,1,0,0,0,1,7,0,-1,1,0,Critical,cleartext_auth,smtp-stream-0,SMTP,587,1,2,STARTTLS-002|AUTH-001
-1,0,0,0,1,0,0,0,0,1,4,1,0,0,0,0,0,1,4,0,-1,1,0,Critical,cleartext_auth,imap-stream-1,IMAP,143,1,1,AUTH-001
-1,0,0,0,1,0,0,0,0,1,4,2,0,0,0,0,0,1,6,0,-1,1,0,Critical,cleartext_auth,pop3-stream-2,POP3,110,1,1,AUTH-001
-1,0,0,0,1,0,0,0,0,2,4,0,0,1,0,0,0,1,7,0,-1,1,0,Critical,cleartext_auth,smtp-stream-0,SMTP,587,1,2,STARTTLS-002|AUTH-001
-1,0,0,0,1,0,0,0,0,1,4,1,0,0,0,0,0,1,4,0,-1,1,0,Critical,cleartext_auth,imap-stream-1,IMAP,143,1,1,AUTH-001
-1,0,0,0,1,0,0,0,0,1,4,2,0,0,0,0,0,1,6,0,-1,1,0,Critical,cleartext_auth,pop3-stream-2,POP3,110,1,1,AUTH-001
-1,0,0,0,1,0,0,0,0,2,4,0,0,1,0,0,0,1,7,0,-1,1,0,Critical,cleartext_auth,smtp-stream-0,SMTP,587,1,2,STARTTLS-002|AUTH-001
-1,0,0,0,1,0,0,0,0,1,4,1,0,0,0,0,0,1,4,0,-1,1,0,Critical,cleartext_auth,imap-stream-1,IMAP,143,1,1,AUTH-001
-1,0,0,0,1,0,0,0,0,1,4,2,0,0,0,0,0,1,6,0,-1,1,0,Critical,cleartext_auth,pop3-stream-2,POP3,110,1,1,AUTH-001
-1,0,0,0,1,0,0,0,0,2,4,0,0,1,0,0,0,1,7,0,-1,1,0,Critical,cleartext_auth,smtp-stream-0,SMTP,587,1,2,STARTTLS-002|AUTH-001
-1,0,0,0,1,0,0,0,0,1,4,1,0,0,0,0,0,1,4,0,-1,1,0,Critical,cleartext_auth,imap-stream-1,IMAP,143,1,1,AUTH-001
-1,0,0,0,1,0,0,0,0,1,4,2,0,0,0,0,0,1,6,0,-1,1,0,Critical,cleartext_auth,pop3-stream-2,POP3,110,1,1,AUTH-001
-1,0,0,0,1,0,0,0,0,2,4,0,0,1,0,0,0,1,7,0,-1,1,0,Critical,cleartext_auth,smtp-stream-0,SMTP,587,1,2,STARTTLS-002|AUTH-001
-1,0,0,0,1,0,0,0,0,1,4,1,0,0,0,0,0,1,4,0,-1,1,0,Critical,cleartext_auth,imap-stream-1,IMAP,143,1,1,AUTH-001
-1,0,0,0,1,0,0,0,0,1,4,2,0,0,0,0,0,1,6,0,-1,1,0,Critical,cleartext_auth,pop3-stream-2,POP3,110,1,1,AUTH-001
-1,0,0,0,1,0,0,0,0,2,4,0,0,1,0,0,0,1,7,0,-1,1,0,Critical,cleartext_auth,smtp-stream-0,SMTP,587,1,2,STARTTLS-002|AUTH-001
-1,0,0,0,1,0,0,0,0,1,4,1,0,0,0,0,0,1,4,0,-1,1,0,Critical,cleartext_auth,imap-stream-1,IMAP,143,1,1,AUTH-001
-1,0,0,0,1,0,0,0,0,1,4,2,0,0,0,0,0,1,6,0,-1,1,0,Critical,cleartext_auth,pop3-stream-2,POP3,110,1,1,AUTH-001
-1,0,0,0,1,0,0,0,0,2,4,0,0,1,0,0,0,1,7,0,-1,1,0,Critical,cleartext_auth,smtp-stream-0,SMTP,587,1,2,STARTTLS-002|AUTH-001
-1,0,0,0,1,0,0,0,0,1,4,1,0,0,0,0,0,1,4,0,-1,1,0,Critical,cleartext_auth,imap-stream-1,IMAP,143,1,1,AUTH-001
-1,0,0,0,1,0,0,0,0,1,4,2,0,0,0,0,0,1,6,0,-1,1,0,Critical,cleartext_auth,pop3-stream-2,POP3,110,1,1,AUTH-001
-1,0,0,0,1,0,0,0,0,2,4,0,0,1,0,0,0,1,7,0,-1,1,0,Critical,cleartext_auth,smtp-stream-0,SMTP,587,1,2,STARTTLS-002|AUTH-001
-1,0,0,0,1,0,0,0,0,1,4,1,0,0,0,0,0,1,4,0,-1,1,0,Critical,cleartext_auth,imap-stream-1,IMAP,143,1,1,AUTH-001
-1,0,0,0,1,0,0,0,0,1,4,2,0,0,0,0,0,1,6,0,-1,1,0,Critical,cleartext_auth,pop3-stream-2,POP3,110,1,1,AUTH-001
-1,0,0,0,1,0,0,0,0,2,4,0,0,1,0,0,0,1,7,0,-1,1,0,Critical,cleartext_auth,smtp-stream-0,SMTP,587,1,2,STARTTLS-002|AUTH-001
-1,0,0,0,1,0,0,0,0,1,4,1,0,0,0,0,0,1,4,0,-1,1,0,Critical,cleartext_auth,imap-stream-1,IMAP,143,1,1,AUTH-001
-1,0,0,0,1,0,0,0,0,1,4,2,0,0,0,0,0,1,6,0,-1,1,0,Critical,cleartext_auth,pop3-stream-2,POP3,110,1,1,AUTH-001
-1,0,0,0,1,0,0,0,0,2,4,0,0,1,0,0,0,1,7,0,-1,1,0,Critical,cleartext_auth,smtp-stream-0,SMTP,587,1,2,STARTTLS-002|AUTH-001
-1,0,0,0,1,0,0,0,0,1,4,1,0,0,0,0,0,1,4,0,-1,1,0,Critical,cleartext_auth,imap-stream-1,IMAP,143,1,1,AUTH-001
-1,0,0,0,1,0,0,0,0,1,4,2,0,0,0,0,0,1,6,0,-1,1,0,Critical,cleartext_auth,pop3-stream-2,POP3,110,1,1,AUTH-001
-1,0,0,0,1,0,0,0,0,2,4,0,0,1,0,0,0,1,7,0,-1,1,0,Critical,cleartext_auth,smtp-stream-0,SMTP,587,1,2,STARTTLS-002|AUTH-001
-1,0,0,0,1,0,0,0,0,1,4,1,0,0,0,0,0,1,4,0,-1,1,0,Critical,cleartext_auth,imap-stream-1,IMAP,143,1,1,AUTH-001
-1,0,0,0,1,0,0,0,0,1,4,2,0,0,0,0,0,1,6,0,-1,1,0,Critical,cleartext_auth,pop3-stream-2,POP3,110,1,1,AUTH-001
-1,0,0,0,1,0,0,0,0,2,4,0,0,1,0,0,0,1,7,0,-1,1,0,Critical,cleartext_auth,smtp-stream-0,SMTP,587,1,2,STARTTLS-002|AUTH-001
-1,0,0,0,1,0,0,0,0,1,4,1,0,0,0,0,0,1,4,0,-1,1,0,Critical,cleartext_auth,imap-stream-1,IMAP,143,1,1,AUTH-001
-1,0,0,0,1,0,0,0,0,1,4,2,0,0,0,0,0,1,6,0,-1,1,0,Critical,cleartext_auth,pop3-stream-2,POP3,110,1,1,AUTH-001
-1,0,0,0,1,0,0,0,0,2,4,0,0,1,0,0,0,1,7,0,-1,1,0,Critical,cleartext_auth,smtp-stream-0,SMTP,587,1,2,STARTTLS-002|AUTH-001
-1,0,0,0,1,0,0,0,0,1,4,1,0,0,0,0,0,1,4,0,-1,1,0,Critical,cleartext_auth,imap-stream-1,IMAP,143,1,1,AUTH-001
-1,0,0,0,1,0,0,0,0,1,4,2,0,0,0,0,0,1,6,0,-1,1,0,Critical,cleartext_auth,pop3-stream-2,POP3,110,1,1,AUTH-001
-1,0,0,0,1,0,0,0,0,2,4,0,0,1,0,0,0,1,7,0,-1,1,0,Critical,cleartext_auth,smtp-stream-0,SMTP,587,1,2,STARTTLS-002|AUTH-001
-1,0,0,0,1,0,0,0,0,1,4,1,0,0,0,0,0,1,4,0,-1,1,0,Critical,cleartext_auth,imap-stream-1,IMAP,143,1,1,AUTH-001
-1,0,0,0,1,0,0,0,0,1,4,2,0,0,0,0,0,1,6,0,-1,1,0,Critical,cleartext_auth,pop3-stream-2,POP3,110,1,1,AUTH-001
-1,0,0,0,1,0,0,0,0,2,4,0,0,1,0,0,0,1,7,0,-1,1,0,Critical,cleartext_auth,smtp-stream-0,SMTP,587,1,2,STARTTLS-002|AUTH-001
-1,0,0,0,1,0,0,0,0,1,4,1,0,0,0,0,0,1,4,0,-1,1,0,Critical,cleartext_auth,imap-stream-1,IMAP,143,1,1,AUTH-001
-1,0,0,0,1,0,0,0,0,1,4,2,0,0,0,0,0,1,6,0,-1,1,0,Critical,cleartext_auth,pop3-stream-2,POP3,110,1,1,AUTH-001
-1,0,0,0,1,0,0,0,0,2,4,0,0,1,0,0,0,1,7,0,-1,1,0,Critical,cleartext_auth,smtp-stream-0,SMTP,587,1,2,STARTTLS-002|AUTH-001
-1,0,0,0,1,0,0,0,0,1,4,1,0,0,0,0,0,1,4,0,-1,1,0,Critical,cleartext_auth,imap-stream-1,IMAP,143,1,1,AUTH-001
-1,0,0,0,1,0,0,0,0,1,4,2,0,0,0,0,0,1,6,0,-1,1,0,Critical,cleartext_auth,pop3-stream-2,POP3,110,1,1,AUTH-001
-1,0,0,0,1,0,0,0,0,2,4,0,0,1,0,0,0,1,7,0,-1,1,0,Critical,cleartext_auth,smtp-stream-0,SMTP,587,1,2,STARTTLS-002|AUTH-001
-1,0,0,0,1,0,0,0,0,1,4,1,0,0,0,0,0,1,4,0,-1,1,0,Critical,cleartext_auth,imap-stream-1,IMAP,143,1,1,AUTH-001
-1,0,0,0,1,0,0,0,0,1,4,2,0,0,0,0,0,1,6,0,-1,1,0,Critical,cleartext_auth,pop3-stream-2,POP3,110,1,1,AUTH-001
-1,0,0,0,1,0,0,0,0,2,4,0,0,1,0,0,0,1,7,0,-1,1,0,Critical,cleartext_auth,smtp-stream-0,SMTP,587,1,2,STARTTLS-002|AUTH-001
-1,0,0,0,1,0,0,0,0,1,4,1,0,0,0,0,0,1,4,0,-1,1,0,Critical,cleartext_auth,imap-stream-1,IMAP,143,1,1,AUTH-001
-1,0,0,0,1,0,0,0,0,1,4,2,0,0,0,0,0,1,6,0,-1,1,0,Critical,cleartext_auth,pop3-stream-2,POP3,110,1,1,AUTH-001
-1,0,0,0,1,0,0,0,0,2,4,0,0,1,0,0,0,1,7,0,-1,1,0,Critical,cleartext_auth,smtp-stream-0,SMTP,587,1,2,STARTTLS-002|AUTH-001
-1,0,0,0,1,0,0,0,0,1,4,1,0,0,0,0,0,1,4,0,-1,1,0,Critical,cleartext_auth,imap-stream-1,IMAP,143,1,1,AUTH-001
-1,0,0,0,1,0,0,0,0,1,4,2,0,0,0,0,0,1,6,0,-1,1,0,Critical,cleartext_auth,pop3-stream-2,POP3,110,1,1,AUTH-001
-1,0,0,0,1,0,0,0,0,2,4,0,0,1,0,0,0,1,7,0,-1,1,0,Critical,cleartext_auth,smtp-stream-0,SMTP,587,1,2,STARTTLS-002|AUTH-001
-1,0,0,0,1,0,0,0,0,1,4,1,0,0,0,0,0,1,4,0,-1,1,0,Critical,cleartext_auth,imap-stream-1,IMAP,143,1,1,AUTH-001
-1,0,0,0,1,0,0,0,0,1,4,2,0,0,0,0,0,1,6,0,-1,1,0,Critical,cleartext_auth,pop3-stream-2,POP3,110,1,1,AUTH-001
-1,0,0,0,1,0,0,0,0,2,4,0,0,1,0,0,0,1,7,0,-1,1,0,Critical,cleartext_auth,smtp-stream-0,SMTP,587,1,2,STARTTLS-002|AUTH-001
-1,0,0,0,1,0,0,0,0,1,4,1,0,0,0,0,0,1,4,0,-1,1,0,Critical,cleartext_auth,imap-stream-1,IMAP,143,1,1,AUTH-001
-1,0,0,0,1,0,0,0,0,1,4,2,0,0,0,0,0,1,6,0,-1,1,0,Critical,cleartext_auth,pop3-stream-2,POP3,110,1,1,AUTH-001
-1,0,0,0,1,0,0,0,0,2,4,0,0,1,0,0,0,1,7,0,-1,1,0,Critical,cleartext_auth,smtp-stream-0,SMTP,587,1,2,STARTTLS-002|AUTH-001
-1,0,0,0,1,0,0,0,0,1,4,1,0,0,0,0,0,1,4,0,-1,1,0,Critical,cleartext_auth,imap-stream-1,IMAP,143,1,1,AUTH-001
-1,0,0,0,1,0,0,0,0,1,4,2,0,0,0,0,0,1,6,0,-1,1,0,Critical,cleartext_auth,pop3-stream-2,POP3,110,1,1,AUTH-001
-1,0,0,0,1,0,0,0,0,2,4,0,0,1,0,0,0,1,7,0,-1,1,0,Critical,cleartext_auth,smtp-stream-0,SMTP,587,1,2,STARTTLS-002|AUTH-001
-1,0,0,0,1,0,0,0,0,1,4,1,0,0,0,0,0,1,4,0,-1,1,0,Critical,cleartext_auth,imap-stream-1,IMAP,143,1,1,AUTH-001
-1,0,0,0,1,0,0,0,0,1,4,2,0,0,0,0,0,1,6,0,-1,1,0,Critical,cleartext_auth,pop3-stream-2,POP3,110,1,1,AUTH-001
-1,0,0,0,1,0,0,0,0,2,4,0,0,1,0,0,0,1,7,0,-1,1,0,Critical,cleartext_auth,smtp-stream-0,SMTP,587,1,2,STARTTLS-002|AUTH-001
-1,0,0,0,1,0,0,0,0,1,4,1,0,0,0,0,0,1,4,0,-1,1,0,Critical,cleartext_auth,imap-stream-1,IMAP,143,1,1,AUTH-001
-1,0,0,0,1,0,0,0,0,1,4,2,0,0,0,0,0,1,6,0,-1,1,0,Critical,cleartext_auth,pop3-stream-2,POP3,110,1,1,AUTH-001
-1,0,0,0,1,0,0,0,0,2,4,0,0,1,0,0,0,1,7,0,-1,1,0,Critical,cleartext_auth,smtp-stream-0,SMTP,587,1,2,STARTTLS-002|AUTH-001
-1,0,0,0,1,0,0,0,0,1,4,1,0,0,0,0,0,1,4,0,-1,1,0,Critical,cleartext_auth,imap-stream-1,IMAP,143,1,1,AUTH-001
-1,0,0,0,1,0,0,0,0,1,4,2,0,0,0,0,0,1,6,0,-1,1,0,Critical,cleartext_auth,pop3-stream-2,POP3,110,1,1,AUTH-001
-1,0,0,0,1,0,0,0,0,2,4,0,0,1,0,0,0,1,7,0,-1,1,0,Critical,cleartext_auth,smtp-stream-0,SMTP,587,1,2,STARTTLS-002|AUTH-001
-1,0,0,0,1,0,0,0,0,1,4,1,0,0,0,0,0,1,4,0,-1,1,0,Critical,cleartext_auth,imap-stream-1,IMAP,143,1,1,AUTH-001
-1,0,0,0,1,0,0,0,0,1,4,2,0,0,0,0,0,1,6,0,-1,1,0,Critical,cleartext_auth,pop3-stream-2,POP3,110,1,1,AUTH-001
-1,0,0,0,1,0,0,0,0,2,4,0,0,1,0,0,0,1,7,0,-1,1,0,Critical,cleartext_auth,smtp-stream-0,SMTP,587,1,2,STARTTLS-002|AUTH-001
-1,0,0,0,1,0,0,0,0,1,4,1,0,0,0,0,0,1,4,0,-1,1,0,Critical,cleartext_auth,imap-stream-1,IMAP,143,1,1,AUTH-001
-1,0,0,0,1,0,0,0,0,1,4,2,0,0,0,0,0,1,6,0,-1,1,0,Critical,cleartext_auth,pop3-stream-2,POP3,110,1,1,AUTH-001
-1,0,0,0,1,0,0,0,0,2,4,0,0,1,0,0,0,1,7,0,-1,1,0,Critical,cleartext_auth,smtp-stream-0,SMTP,587,1,2,STARTTLS-002|AUTH-001
-1,0,0,0,1,0,0,0,0,1,4,1,0,0,0,0,0,1,4,0,-1,1,0,Critical,cleartext_auth,imap-stream-1,IMAP,143,1,1,AUTH-001
-1,0,0,0,1,0,0,0,0,1,4,2,0,0,0,0,0,1,6,0,-1,1,0,Critical,cleartext_auth,pop3-stream-2,POP3,110,1,1,AUTH-001
-1,0,0,0,1,0,0,0,0,2,4,0,0,1,0,0,0,1,7,0,-1,1,0,Critical,cleartext_auth,smtp-stream-0,SMTP,587,1,2,STARTTLS-002|AUTH-001
-1,0,0,0,1,0,0,0,0,1,4,1,0,0,0,0,0,1,4,0,-1,1,0,Critical,cleartext_auth,imap-stream-1,IMAP,143,1,1,AUTH-001
-1,0,0,0,1,0,0,0,0,1,4,2,0,0,0,0,0,1,6,0,-1,1,0,Critical,cleartext_auth,pop3-stream-2,POP3,110,1,1,AUTH-001
-1,0,0,0,1,0,0,0,0,2,4,0,0,1,0,0,0,1,7,0,-1,1,0,Critical,cleartext_auth,smtp-stream-0,SMTP,587,1,2,STARTTLS-002|AUTH-001
-1,0,0,0,1,0,0,0,0,1,4,1,0,0,0,0,0,1,4,0,-1,1,0,Critical,cleartext_auth,imap-stream-1,IMAP,143,1,1,AUTH-001
-1,0,0,0,1,0,0,0,0,1,4,2,0,0,0,0,0,1,6,0,-1,1,0,Critical,cleartext_auth,pop3-stream-2,POP3,110,1,1,AUTH-001
-1,0,0,0,1,0,0,0,0,2,4,0,0,1,0,0,0,1,7,0,-1,1,0,Critical,cleartext_auth,smtp-stream-0,SMTP,587,1,2,STARTTLS-002|AUTH-001
-1,0,0,0,1,0,0,0,0,1,4,1,0,0,0,0,0,1,4,0,-1,1,0,Critical,cleartext_auth,imap-stream-1,IMAP,143,1,1,AUTH-001
-1,0,0,0,1,0,0,0,0,1,4,2,0,0,0,0,0,1,6,0,-1,1,0,Critical,cleartext_auth,pop3-stream-2,POP3,110,1,1,AUTH-001
-1,0,0,0,1,0,0,0,0,2,4,0,0,1,0,0,0,1,7,0,-1,1,0,Critical,cleartext_auth,smtp-stream-0,SMTP,587,1,2,STARTTLS-002|AUTH-001
-1,0,0,0,1,0,0,0,0,1,4,1,0,0,0,0,0,1,4,0,-1,1,0,Critical,cleartext_auth,imap-stream-1,IMAP,143,1,1,AUTH-001
-1,0,0,0,1,0,0,0,0,1,4,2,0,0,0,0,0,1,6,0,-1,1,0,Critical,cleartext_auth,pop3-stream-2,POP3,110,1,1,AUTH-001
-1,0,0,0,1,0,0,0,0,2,4,0,0,1,0,0,0,1,7,0,-1,1,0,Critical,cleartext_auth,smtp-stream-0,SMTP,587,1,2,STARTTLS-002|AUTH-001
-1,0,0,0,1,0,0,0,0,1,4,1,0,0,0,0,0,1,4,0,-1,1,0,Critical,cleartext_auth,imap-stream-1,IMAP,143,1,1,AUTH-001
-1,0,0,0,1,0,0,0,0,1,4,2,0,0,0,0,0,1,6,0,-1,1,0,Critical,cleartext_auth,pop3-stream-2,POP3,110,1,1,AUTH-001
-1,0,0,0,1,0,0,0,0,2,4,0,0,1,0,0,0,1,7,0,-1,1,0,Critical,cleartext_auth,smtp-stream-0,SMTP,587,1,2,STARTTLS-002|AUTH-001
-1,0,0,0,1,0,0,0,0,1,4,1,0,0,0,0,0,1,4,0,-1,1,0,Critical,cleartext_auth,imap-stream-1,IMAP,143,1,1,AUTH-001
-1,0,0,0,1,0,0,0,0,1,4,2,0,0,0,0,0,1,6,0,-1,1,0,Critical,cleartext_auth,pop3-stream-2,POP3,110,1,1,AUTH-001
-1,0,0,0,1,0,0,0,0,2,4,0,0,1,0,0,0,1,7,0,-1,1,0,Critical,cleartext_auth,smtp-stream-0,SMTP,587,1,2,STARTTLS-002|AUTH-001
-1,0,0,0,1,0,0,0,0,1,4,1,0,0,0,0,0,1,4,0,-1,1,0,Critical,cleartext_auth,imap-stream-1,IMAP,143,1,1,AUTH-001
-1,0,0,0,1,0,0,0,0,1,4,2,0,0,0,0,0,1,6,0,-1,1,0,Critical,cleartext_auth,pop3-stream-2,POP3,110,1,1,AUTH-001
-1,0,0,0,1,0,0,0,0,2,4,0,0,1,0,0,0,1,7,0,-1,1,0,Critical,cleartext_auth,smtp-stream-0,SMTP,587,1,2,STARTTLS-002|AUTH-001
-1,0,0,0,1,0,0,0,0,1,4,1,0,0,0,0,0,1,4,0,-1,1,0,Critical,cleartext_auth,imap-stream-1,IMAP,143,1,1,AUTH-001
-1,0,0,0,1,0,0,0,0,1,4,2,0,0,0,0,0,1,6,0,-1,1,0,Critical,cleartext_auth,pop3-stream-2,POP3,110,1,1,AUTH-001
-1,0,0,0,1,0,0,0,0,2,4,0,0,1,0,0,0,1,7,0,-1,1,0,Critical,cleartext_auth,smtp-stream-0,SMTP,587,1,2,STARTTLS-002|AUTH-001
-1,0,0,0,1,0,0,0,0,1,4,1,0,0,0,0,0,1,4,0,-1,1,0,Critical,cleartext_auth,imap-stream-1,IMAP,143,1,1,AUTH-001
-1,0,0,0,1,0,0,0,0,1,4,2,0,0,0,0,0,1,6,0,-1,1,0,Critical,cleartext_auth,pop3-stream-2,POP3,110,1,1,AUTH-001
-1,0,0,0,1,0,0,0,0,2,4,0,0,1,0,0,0,1,7,0,-1,1,0,Critical,cleartext_auth,smtp-stream-0,SMTP,587,1,2,STARTTLS-002|AUTH-001
-1,0,0,0,1,0,0,0,0,1,4,1,0,0,0,0,0,1,4,0,-1,1,0,Critical,cleartext_auth,imap-stream-1,IMAP,143,1,1,AUTH-001
-1,0,0,0,1,0,0,0,0,1,4,2,0,0,0,0,0,1,6,0,-1,1,0,Critical,cleartext_auth,pop3-stream-2,POP3,110,1,1,AUTH-001
-1,0,0,0,1,0,0,0,0,2,4,0,0,1,0,0,0,1,7,0,-1,1,0,Critical,cleartext_auth,smtp-stream-0,SMTP,587,1,2,STARTTLS-002|AUTH-001
-1,0,0,0,1,0,0,0,0,1,4,1,0,0,0,0,0,1,4,0,-1,1,0,Critical,cleartext_auth,imap-stream-1,IMAP,143,1,1,AUTH-001
-1,0,0,0,1,0,0,0,0,1,4,2,0,0,0,0,0,1,6,0,-1,1,0,Critical,cleartext_auth,pop3-stream-2,POP3,110,1,1,AUTH-001
3,3,1,1,0,-19,2048,1,0,2,3,0,0,1,1,0,1,1,9,1,1,0,0,High,expired_cert,smtp-stream-0,SMTP,587,1,2,CERT-001|CERT-003
3,3,1,1,0,-19,2048,1,0,2,3,0,0,1,1,0,1,1,9,1,1,0,0,High,expired_cert,smtp-stream-0,SMTP,587,1,2,CERT-001|CERT-003
3,3,1,1,0,-19,2048,1,0,2,3,0,0,1,1,0,1,1,9,1,1,0,0,High,expired_cert,smtp-stream-0,SMTP,587,1,2,CERT-001|CERT-003
3,3,1,1,0,-19,2048,1,0,2,3,0,0,1,1,0,1,1,9,1,1,0,0,High,expired_cert,smtp-stream-0,SMTP,587,1,2,CERT-001|CERT-003
3,3,1,1,0,-19,2048,1,0,2,3,0,0,1,1,0,1,1,9,1,1,0,0,High,expired_cert,smtp-stream-0,SMTP,587,1,2,CERT-001|CERT-003
3,3,1,1,0,-19,2048,1,0,2,3,0,0,1,1,0,1,1,9,1,1,0,0,High,expired_cert,smtp-stream-0,SMTP,587,1,2,CERT-001|CERT-003
3,3,1,1,0,-19,2048,1,0,2,3,0,0,1,1,0,1,1,9,1,1,0,0,High,expired_cert,smtp-stream-0,SMTP,587,1,2,CERT-001|CERT-003
3,3,1,1,0,-19,2048,1,0,2,3,0,0,1,1,0,1,1,9,1,1,0,0,High,expired_cert,smtp-stream-0,SMTP,587,1,2,CERT-001|CERT-003
3,3,1,1,0,-19,2048,1,0,2,3,0,0,1,1,0,1,1,9,1,1,0,0,High,expired_cert,smtp-stream-0,SMTP,587,1,2,CERT-001|CERT-003
3,3,1,1,0,-19,2048,1,0,2,3,0,0,1,1,0,1,1,9,1,1,0,0,High,expired_cert,smtp-stream-0,SMTP,587,1,2,CERT-001|CERT-003
3,3,1,1,0,-19,2048,1,0,2,3,0,0,1,1,0,1,1,9,1,1,0,0,High,expired_cert,smtp-stream-0,SMTP,587,1,2,CERT-001|CERT-003
3,3,1,1,0,-19,2048,1,0,2,3,0,0,1,1,0,1,1,9,1,1,0,0,High,expired_cert,smtp-stream-0,SMTP,587,1,2,CERT-001|CERT-003
3,3,1,1,0,-19,2048,1,0,2,3,0,0,1,1,0,1,1,9,1,1,0,0,High,expired_cert,smtp-stream-0,SMTP,587,1,2,CERT-001|CERT-003
3,3,1,1,0,-19,2048,1,0,2,3,0,0,1,1,0,1,1,9,1,1,0,0,High,expired_cert,smtp-stream-0,SMTP,587,1,2,CERT-001|CERT-003
3,3,1,1,0,-19,2048,1,0,2,3,0,0,1,1,0,1,1,9,1,1,0,0,High,expired_cert,smtp-stream-0,SMTP,587,1,2,CERT-001|CERT-003
3,3,1,1,0,-19,2048,1,0,2,3,0,0,1,1,0,1,1,9,1,1,0,0,High,expired_cert,smtp-stream-0,SMTP,587,1,2,CERT-001|CERT-003
3,3,1,1,0,-19,2048,1,0,2,3,0,0,1,1,0,1,1,9,1,1,0,0,High,expired_cert,smtp-stream-0,SMTP,587,1,2,CERT-001|CERT-003
3,3,1,1,0,-19,2048,1,0,2,3,0,0,1,1,0,1,1,9,1,1,0,0,High,expired_cert,smtp-stream-0,SMTP,587,1,2,CERT-001|CERT-003
3,3,1,1,0,-19,2048,1,0,2,3,0,0,1,1,0,1,1,9,1,1,0,0,High,expired_cert,smtp-stream-0,SMTP,587,1,2,CERT-001|CERT-003
3,3,1,1,0,-19,2048,1,0,2,3,0,0,1,1,0,1,1,9,1,1,0,0,High,expired_cert,smtp-stream-0,SMTP,587,1,2,CERT-001|CERT-003
3,3,1,1,0,-19,2048,1,0,2,3,0,0,1,1,0,1,1,9,1,1,0,0,High,expired_cert,smtp-stream-0,SMTP,587,1,2,CERT-001|CERT-003
3,3,1,1,0,-19,2048,1,0,2,3,0,0,1,1,0,1,1,9,1,1,0,0,High,expired_cert,smtp-stream-0,SMTP,587,1,2,CERT-001|CERT-003
3,3,1,1,0,-19,2048,1,0,2,3,0,0,1,1,0,1,1,9,1,1,0,0,High,expired_cert,smtp-stream-0,SMTP,587,1,2,CERT-001|CERT-003
3,3,1,1,0,-19,2048,1,0,2,3,0,0,1,1,0,1,1,9,1,1,0,0,High,expired_cert,smtp-stream-0,SMTP,587,1,2,CERT-001|CERT-003
3,3,1,1,0,-19,2048,1,0,2,3,0,0,1,1,0,1,1,9,1,1,0,0,High,expired_cert,smtp-stream-0,SMTP,587,1,2,CERT-001|CERT-003
3,3,1,1,0,-19,2048,1,0,2,3,0,0,1,1,0,1,1,9,1,1,0,0,High,expired_cert,smtp-stream-0,SMTP,587,1,2,CERT-001|CERT-003
3,3,1,1,0,-19,2048,1,0,2,3,0,0,1,1,0,1,1,9,1,1,0,0,High,expired_cert,smtp-stream-0,SMTP,587,1,2,CERT-001|CERT-003
3,3,1,1,0,-19,2048,1,0,2,3,0,0,1,1,0,1,1,9,1,1,0,0,High,expired_cert,smtp-stream-0,SMTP,587,1,2,CERT-001|CERT-003
3,3,1,1,0,-19,2048,1,0,2,3,0,0,1,1,0,1,1,9,1,1,0,0,High,expired_cert,smtp-stream-0,SMTP,587,1,2,CERT-001|CERT-003
3,3,1,1,0,-19,2048,1,0,2,3,0,0,1,1,0,1,1,9,1,1,0,0,High,expired_cert,smtp-stream-0,SMTP,587,1,2,CERT-001|CERT-003
3,3,1,1,0,-19,2048,1,0,2,3,0,0,1,1,0,1,1,9,1,1,0,0,High,expired_cert,smtp-stream-0,SMTP,587,1,2,CERT-001|CERT-003
3,3,1,1,0,-19,2048,1,0,2,3,0,0,1,1,0,1,1,9,1,1,0,0,High,expired_cert,smtp-stream-0,SMTP,587,1,2,CERT-001|CERT-003
3,3,1,1,0,-19,2048,1,0,2,3,0,0,1,1,0,1,1,9,1,1,0,0,High,expired_cert,smtp-stream-0,SMTP,587,1,2,CERT-001|CERT-003
3,3,1,1,0,-19,2048,1,0,2,3,0,0,1,1,0,1,1,9,1,1,0,0,High,expired_cert,smtp-stream-0,SMTP,587,1,2,CERT-001|CERT-003
3,3,1,1,0,-19,2048,1,0,2,3,0,0,1,1,0,1,1,9,1,1,0,0,High,expired_cert,smtp-stream-0,SMTP,587,1,2,CERT-001|CERT-003
3,3,1,1,0,-19,2048,1,0,2,3,0,0,1,1,0,1,1,9,1,1,0,0,High,expired_cert,smtp-stream-0,SMTP,587,1,2,CERT-001|CERT-003
3,3,1,1,0,-19,2048,1,0,2,3,0,0,1,1,0,1,1,9,1,1,0,0,High,expired_cert,smtp-stream-0,SMTP,587,1,2,CERT-001|CERT-003
3,3,1,1,0,-19,2048,1,0,2,3,0,0,1,1,0,1,1,9,1,1,0,0,High,expired_cert,smtp-stream-0,SMTP,587,1,2,CERT-001|CERT-003
3,3,1,1,0,-19,2048,1,0,2,3,0,0,1,1,0,1,1,9,1,1,0,0,High,expired_cert,smtp-stream-0,SMTP,587,1,2,CERT-001|CERT-003
3,3,1,1,0,-19,2048,1,0,2,3,0,0,1,1,0,1,1,9,1,1,0,0,High,expired_cert,smtp-stream-0,SMTP,587,1,2,CERT-001|CERT-003
3,3,1,1,0,-19,2048,1,0,2,3,0,0,1,1,0,1,1,9,1,1,0,0,High,expired_cert,smtp-stream-0,SMTP,587,1,2,CERT-001|CERT-003
3,3,1,1,0,-19,2048,1,0,2,3,0,0,1,1,0,1,1,9,1,1,0,0,High,expired_cert,smtp-stream-0,SMTP,587,1,2,CERT-001|CERT-003
3,3,1,1,0,-19,2048,1,0,2,3,0,0,1,1,0,1,1,9,1,1,0,0,High,expired_cert,smtp-stream-0,SMTP,587,1,2,CERT-001|CERT-003
3,3,1,1,0,-19,2048,1,0,2,3,0,0,1,1,0,1,1,9,1,1,0,0,High,expired_cert,smtp-stream-0,SMTP,587,1,2,CERT-001|CERT-003
3,3,1,1,0,-19,2048,1,0,2,3,0,0,1,1,0,1,1,9,1,1,0,0,High,expired_cert,smtp-stream-0,SMTP,587,1,2,CERT-001|CERT-003
3,3,1,1,0,-19,2048,1,0,2,3,0,0,1,1,0,1,1,9,1,1,0,0,High,expired_cert,smtp-stream-0,SMTP,587,1,2,CERT-001|CERT-003
3,3,1,1,0,-19,2048,1,0,2,3,0,0,1,1,0,1,1,9,1,1,0,0,High,expired_cert,smtp-stream-0,SMTP,587,1,2,CERT-001|CERT-003
3,3,1,1,0,-19,2048,1,0,2,3,0,0,1,1,0,1,1,9,1,1,0,0,High,expired_cert,smtp-stream-0,SMTP,587,1,2,CERT-001|CERT-003
3,3,1,1,0,-19,2048,1,0,2,3,0,0,1,1,0,1,1,9,1,1,0,0,High,expired_cert,smtp-stream-0,SMTP,587,1,2,CERT-001|CERT-003
3,3,1,1,0,-19,2048,1,0,2,3,0,0,1,1,0,1,1,9,1,1,0,0,High,expired_cert,smtp-stream-0,SMTP,587,1,2,CERT-001|CERT-003
-1,0,0,0,1,0,0,0,0,3,4,0,0,1,1,1,0,1,9,0,-1,1,0,Critical,starttls_downgrade,smtp-stream-0,SMTP,587,1,3,STARTTLS-001|STARTTLS-002|AUTH-001
-1,0,0,0,1,0,0,0,0,3,4,0,0,1,1,1,0,1,9,0,-1,1,0,Critical,starttls_downgrade,smtp-stream-0,SMTP,587,1,3,STARTTLS-001|STARTTLS-002|AUTH-001
-1,0,0,0,1,0,0,0,0,3,4,0,0,1,1,1,0,1,9,0,-1,1,0,Critical,starttls_downgrade,smtp-stream-0,SMTP,587,1,3,STARTTLS-001|STARTTLS-002|AUTH-001
-1,0,0,0,1,0,0,0,0,3,4,0,0,1,1,1,0,1,9,0,-1,1,0,Critical,starttls_downgrade,smtp-stream-0,SMTP,587,1,3,STARTTLS-001|STARTTLS-002|AUTH-001
-1,0,0,0,1,0,0,0,0,3,4,0,0,1,1,1,0,1,9,0,-1,1,0,Critical,starttls_downgrade,smtp-stream-0,SMTP,587,1,3,STARTTLS-001|STARTTLS-002|AUTH-001
-1,0,0,0,1,0,0,0,0,3,4,0,0,1,1,1,0,1,9,0,-1,1,0,Critical,starttls_downgrade,smtp-stream-0,SMTP,587,1,3,STARTTLS-001|STARTTLS-002|AUTH-001
-1,0,0,0,1,0,0,0,0,3,4,0,0,1,1,1,0,1,9,0,-1,1,0,Critical,starttls_downgrade,smtp-stream-0,SMTP,587,1,3,STARTTLS-001|STARTTLS-002|AUTH-001
-1,0,0,0,1,0,0,0,0,3,4,0,0,1,1,1,0,1,9,0,-1,1,0,Critical,starttls_downgrade,smtp-stream-0,SMTP,587,1,3,STARTTLS-001|STARTTLS-002|AUTH-001
-1,0,0,0,1,0,0,0,0,3,4,0,0,1,1,1,0,1,9,0,-1,1,0,Critical,starttls_downgrade,smtp-stream-0,SMTP,587,1,3,STARTTLS-001|STARTTLS-002|AUTH-001
-1,0,0,0,1,0,0,0,0,3,4,0,0,1,1,1,0,1,9,0,-1,1,0,Critical,starttls_downgrade,smtp-stream-0,SMTP,587,1,3,STARTTLS-001|STARTTLS-002|AUTH-001
-1,0,0,0,1,0,0,0,0,3,4,0,0,1,1,1,0,1,9,0,-1,1,0,Critical,starttls_downgrade,smtp-stream-0,SMTP,587,1,3,STARTTLS-001|STARTTLS-002|AUTH-001
-1,0,0,0,1,0,0,0,0,3,4,0,0,1,1,1,0,1,9,0,-1,1,0,Critical,starttls_downgrade,smtp-stream-0,SMTP,587,1,3,STARTTLS-001|STARTTLS-002|AUTH-001
-1,0,0,0,1,0,0,0,0,3,4,0,0,1,1,1,0,1,9,0,-1,1,0,Critical,starttls_downgrade,smtp-stream-0,SMTP,587,1,3,STARTTLS-001|STARTTLS-002|AUTH-001
-1,0,0,0,1,0,0,0,0,3,4,0,0,1,1,1,0,1,9,0,-1,1,0,Critical,starttls_downgrade,smtp-stream-0,SMTP,587,1,3,STARTTLS-001|STARTTLS-002|AUTH-001
-1,0,0,0,1,0,0,0,0,3,4,0,0,1,1,1,0,1,9,0,-1,1,0,Critical,starttls_downgrade,smtp-stream-0,SMTP,587,1,3,STARTTLS-001|STARTTLS-002|AUTH-001
-1,0,0,0,1,0,0,0,0,3,4,0,0,1,1,1,0,1,9,0,-1,1,0,Critical,starttls_downgrade,smtp-stream-0,SMTP,587,1,3,STARTTLS-001|STARTTLS-002|AUTH-001
-1,0,0,0,1,0,0,0,0,3,4,0,0,1,1,1,0,1,9,0,-1,1,0,Critical,starttls_downgrade,smtp-stream-0,SMTP,587,1,3,STARTTLS-001|STARTTLS-002|AUTH-001
-1,0,0,0,1,0,0,0,0,3,4,0,0,1,1,1,0,1,9,0,-1,1,0,Critical,starttls_downgrade,smtp-stream-0,SMTP,587,1,3,STARTTLS-001|STARTTLS-002|AUTH-001
-1,0,0,0,1,0,0,0,0,3,4,0,0,1,1,1,0,1,9,0,-1,1,0,Critical,starttls_downgrade,smtp-stream-0,SMTP,587,1,3,STARTTLS-001|STARTTLS-002|AUTH-001
-1,0,0,0,1,0,0,0,0,3,4,0,0,1,1,1,0,1,9,0,-1,1,0,Critical,starttls_downgrade,smtp-stream-0,SMTP,587,1,3,STARTTLS-001|STARTTLS-002|AUTH-001
-1,0,0,0,1,0,0,0,0,3,4,0,0,1,1,1,0,1,9,0,-1,1,0,Critical,starttls_downgrade,smtp-stream-0,SMTP,587,1,3,STARTTLS-001|STARTTLS-002|AUTH-001
-1,0,0,0,1,0,0,0,0,3,4,0,0,1,1,1,0,1,9,0,-1,1,0,Critical,starttls_downgrade,smtp-stream-0,SMTP,587,1,3,STARTTLS-001|STARTTLS-002|AUTH-001
-1,0,0,0,1,0,0,0,0,3,4,0,0,1,1,1,0,1,9,0,-1,1,0,Critical,starttls_downgrade,smtp-stream-0,SMTP,587,1,3,STARTTLS-001|STARTTLS-002|AUTH-001
-1,0,0,0,1,0,0,0,0,3,4,0,0,1,1,1,0,1,9,0,-1,1,0,Critical,starttls_downgrade,smtp-stream-0,SMTP,587,1,3,STARTTLS-001|STARTTLS-002|AUTH-001
-1,0,0,0,1,0,0,0,0,3,4,0,0,1,1,1,0,1,9,0,-1,1,0,Critical,starttls_downgrade,smtp-stream-0,SMTP,587,1,3,STARTTLS-001|STARTTLS-002|AUTH-001
-1,0,0,0,1,0,0,0,0,3,4,0,0,1,1,1,0,1,9,0,-1,1,0,Critical,starttls_downgrade,smtp-stream-0,SMTP,587,1,3,STARTTLS-001|STARTTLS-002|AUTH-001
-1,0,0,0,1,0,0,0,0,3,4,0,0,1,1,1,0,1,9,0,-1,1,0,Critical,starttls_downgrade,smtp-stream-0,SMTP,587,1,3,STARTTLS-001|STARTTLS-002|AUTH-001
-1,0,0,0,1,0,0,0,0,3,4,0,0,1,1,1,0,1,9,0,-1,1,0,Critical,starttls_downgrade,smtp-stream-0,SMTP,587,1,3,STARTTLS-001|STARTTLS-002|AUTH-001
-1,0,0,0,1,0,0,0,0,3,4,0,0,1,1,1,0,1,9,0,-1,1,0,Critical,starttls_downgrade,smtp-stream-0,SMTP,587,1,3,STARTTLS-001|STARTTLS-002|AUTH-001
-1,0,0,0,1,0,0,0,0,3,4,0,0,1,1,1,0,1,9,0,-1,1,0,Critical,starttls_downgrade,smtp-stream-0,SMTP,587,1,3,STARTTLS-001|STARTTLS-002|AUTH-001
-1,0,0,0,1,0,0,0,0,3,4,0,0,1,1,1,0,1,9,0,-1,1,0,Critical,starttls_downgrade,smtp-stream-0,SMTP,587,1,3,STARTTLS-001|STARTTLS-002|AUTH-001
-1,0,0,0,1,0,0,0,0,3,4,0,0,1,1,1,0,1,9,0,-1,1,0,Critical,starttls_downgrade,smtp-stream-0,SMTP,587,1,3,STARTTLS-001|STARTTLS-002|AUTH-001
-1,0,0,0,1,0,0,0,0,3,4,0,0,1,1,1,0,1,9,0,-1,1,0,Critical,starttls_downgrade,smtp-stream-0,SMTP,587,1,3,STARTTLS-001|STARTTLS-002|AUTH-001
-1,0,0,0,1,0,0,0,0,3,4,0,0,1,1,1,0,1,9,0,-1,1,0,Critical,starttls_downgrade,smtp-stream-0,SMTP,587,1,3,STARTTLS-001|STARTTLS-002|AUTH-001
-1,0,0,0,1,0,0,0,0,3,4,0,0,1,1,1,0,1,9,0,-1,1,0,Critical,starttls_downgrade,smtp-stream-0,SMTP,587,1,3,STARTTLS-001|STARTTLS-002|AUTH-001
-1,0,0,0,1,0,0,0,0,3,4,0,0,1,1,1,0,1,9,0,-1,1,0,Critical,starttls_downgrade,smtp-stream-0,SMTP,587,1,3,STARTTLS-001|STARTTLS-002|AUTH-001
-1,0,0,0,1,0,0,0,0,3,4,0,0,1,1,1,0,1,9,0,-1,1,0,Critical,starttls_downgrade,smtp-stream-0,SMTP,587,1,3,STARTTLS-001|STARTTLS-002|AUTH-001
-1,0,0,0,1,0,0,0,0,3,4,0,0,1,1,1,0,1,9,0,-1,1,0,Critical,starttls_downgrade,smtp-stream-0,SMTP,587,1,3,STARTTLS-001|STARTTLS-002|AUTH-001
-1,0,0,0,1,0,0,0,0,3,4,0,0,1,1,1,0,1,9,0,-1,1,0,Critical,starttls_downgrade,smtp-stream-0,SMTP,587,1,3,STARTTLS-001|STARTTLS-002|AUTH-001
-1,0,0,0,1,0,0,0,0,3,4,0,0,1,1,1,0,1,9,0,-1,1,0,Critical,starttls_downgrade,smtp-stream-0,SMTP,587,1,3,STARTTLS-001|STARTTLS-002|AUTH-001
-1,0,0,0,1,0,0,0,0,3,4,0,0,1,1,1,0,1,9,0,-1,1,0,Critical,starttls_downgrade,smtp-stream-0,SMTP,587,1,3,STARTTLS-001|STARTTLS-002|AUTH-001
-1,0,0,0,1,0,0,0,0,3,4,0,0,1,1,1,0,1,9,0,-1,1,0,Critical,starttls_downgrade,smtp-stream-0,SMTP,587,1,3,STARTTLS-001|STARTTLS-002|AUTH-001
-1,0,0,0,1,0,0,0,0,3,4,0,0,1,1,1,0,1,9,0,-1,1,0,Critical,starttls_downgrade,smtp-stream-0,SMTP,587,1,3,STARTTLS-001|STARTTLS-002|AUTH-001
-1,0,0,0,1,0,0,0,0,3,4,0,0,1,1,1,0,1,9,0,-1,1,0,Critical,starttls_downgrade,smtp-stream-0,SMTP,587,1,3,STARTTLS-001|STARTTLS-002|AUTH-001
-1,0,0,0,1,0,0,0,0,3,4,0,0,1,1,1,0,1,9,0,-1,1,0,Critical,starttls_downgrade,smtp-stream-0,SMTP,587,1,3,STARTTLS-001|STARTTLS-002|AUTH-001
-1,0,0,0,1,0,0,0,0,3,4,0,0,1,1,1,0,1,9,0,-1,1,0,Critical,starttls_downgrade,smtp-stream-0,SMTP,587,1,3,STARTTLS-001|STARTTLS-002|AUTH-001
-1,0,0,0,1,0,0,0,0,3,4,0,0,1,1,1,0,1,9,0,-1,1,0,Critical,starttls_downgrade,smtp-stream-0,SMTP,587,1,3,STARTTLS-001|STARTTLS-002|AUTH-001
-1,0,0,0,1,0,0,0,0,3,4,0,0,1,1,1,0,1,9,0,-1,1,0,Critical,starttls_downgrade,smtp-stream-0,SMTP,587,1,3,STARTTLS-001|STARTTLS-002|AUTH-001
-1,0,0,0,1,0,0,0,0,3,4,0,0,1,1,1,0,1,9,0,-1,1,0,Critical,starttls_downgrade,smtp-stream-0,SMTP,587,1,3,STARTTLS-001|STARTTLS-002|AUTH-001
-1,0,0,0,1,0,0,0,0,3,4,0,0,1,1,1,0,1,9,0,-1,1,0,Critical,starttls_downgrade,smtp-stream-0,SMTP,587,1,3,STARTTLS-001|STARTTLS-002|AUTH-001
1,0,0,1,0,179,2048,1,0,4,4,0,0,1,1,0,1,1,9,1,1,0,0,Critical,tls10_weak,smtp-stream-0,SMTP,587,1,4,TLS-002|CIPHER-001|CIPHER-002|CERT-003
1,0,0,1,0,179,2048,1,0,4,4,0,0,1,1,0,1,1,9,1,1,0,0,Critical,tls10_weak,smtp-stream-0,SMTP,587,1,4,TLS-002|CIPHER-001|CIPHER-002|CERT-003
1,0,0,1,0,179,2048,1,0,4,4,0,0,1,1,0,1,1,9,1,1,0,0,Critical,tls10_weak,smtp-stream-0,SMTP,587,1,4,TLS-002|CIPHER-001|CIPHER-002|CERT-003
1,0,0,1,0,179,2048,1,0,4,4,0,0,1,1,0,1,1,9,1,1,0,0,Critical,tls10_weak,smtp-stream-0,SMTP,587,1,4,TLS-002|CIPHER-001|CIPHER-002|CERT-003
1,0,0,1,0,179,2048,1,0,4,4,0,0,1,1,0,1,1,9,1,1,0,0,Critical,tls10_weak,smtp-stream-0,SMTP,587,1,4,TLS-002|CIPHER-001|CIPHER-002|CERT-003
1,0,0,1,0,179,2048,1,0,4,4,0,0,1,1,0,1,1,9,1,1,0,0,Critical,tls10_weak,smtp-stream-0,SMTP,587,1,4,TLS-002|CIPHER-001|CIPHER-002|CERT-003
1,0,0,1,0,179,2048,1,0,4,4,0,0,1,1,0,1,1,9,1,1,0,0,Critical,tls10_weak,smtp-stream-0,SMTP,587,1,4,TLS-002|CIPHER-001|CIPHER-002|CERT-003
1,0,0,1,0,179,2048,1,0,4,4,0,0,1,1,0,1,1,9,1,1,0,0,Critical,tls10_weak,smtp-stream-0,SMTP,587,1,4,TLS-002|CIPHER-001|CIPHER-002|CERT-003
1,0,0,1,0,179,2048,1,0,4,4,0,0,1,1,0,1,1,9,1,1,0,0,Critical,tls10_weak,smtp-stream-0,SMTP,587,1,4,TLS-002|CIPHER-001|CIPHER-002|CERT-003
1,0,0,1,0,179,2048,1,0,4,4,0,0,1,1,0,1,1,9,1,1,0,0,Critical,tls10_weak,smtp-stream-0,SMTP,587,1,4,TLS-002|CIPHER-001|CIPHER-002|CERT-003
1,0,0,1,0,179,2048,1,0,4,4,0,0,1,1,0,1,1,9,1,1,0,0,Critical,tls10_weak,smtp-stream-0,SMTP,587,1,4,TLS-002|CIPHER-001|CIPHER-002|CERT-003
1,0,0,1,0,179,2048,1,0,4,4,0,0,1,1,0,1,1,9,1,1,0,0,Critical,tls10_weak,smtp-stream-0,SMTP,587,1,4,TLS-002|CIPHER-001|CIPHER-002|CERT-003
1,0,0,1,0,179,2048,1,0,4,4,0,0,1,1,0,1,1,9,1,1,0,0,Critical,tls10_weak,smtp-stream-0,SMTP,587,1,4,TLS-002|CIPHER-001|CIPHER-002|CERT-003
1,0,0,1,0,179,2048,1,0,4,4,0,0,1,1,0,1,1,9,1,1,0,0,Critical,tls10_weak,smtp-stream-0,SMTP,587,1,4,TLS-002|CIPHER-001|CIPHER-002|CERT-003
1,0,0,1,0,179,2048,1,0,4,4,0,0,1,1,0,1,1,9,1,1,0,0,Critical,tls10_weak,smtp-stream-0,SMTP,587,1,4,TLS-002|CIPHER-001|CIPHER-002|CERT-003
1,0,0,1,0,179,2048,1,0,4,4,0,0,1,1,0,1,1,9,1,1,0,0,Critical,tls10_weak,smtp-stream-0,SMTP,587,1,4,TLS-002|CIPHER-001|CIPHER-002|CERT-003
1,0,0,1,0,179,2048,1,0,4,4,0,0,1,1,0,1,1,9,1,1,0,0,Critical,tls10_weak,smtp-stream-0,SMTP,587,1,4,TLS-002|CIPHER-001|CIPHER-002|CERT-003
1,0,0,1,0,179,2048,1,0,4,4,0,0,1,1,0,1,1,9,1,1,0,0,Critical,tls10_weak,smtp-stream-0,SMTP,587,1,4,TLS-002|CIPHER-001|CIPHER-002|CERT-003
1,0,0,1,0,179,2048,1,0,4,4,0,0,1,1,0,1,1,9,1,1,0,0,Critical,tls10_weak,smtp-stream-0,SMTP,587,1,4,TLS-002|CIPHER-001|CIPHER-002|CERT-003
1,0,0,1,0,179,2048,1,0,4,4,0,0,1,1,0,1,1,9,1,1,0,0,Critical,tls10_weak,smtp-stream-0,SMTP,587,1,4,TLS-002|CIPHER-001|CIPHER-002|CERT-003
1,0,0,1,0,179,2048,1,0,4,4,0,0,1,1,0,1,1,9,1,1,0,0,Critical,tls10_weak,smtp-stream-0,SMTP,587,1,4,TLS-002|CIPHER-001|CIPHER-002|CERT-003
1,0,0,1,0,179,2048,1,0,4,4,0,0,1,1,0,1,1,9,1,1,0,0,Critical,tls10_weak,smtp-stream-0,SMTP,587,1,4,TLS-002|CIPHER-001|CIPHER-002|CERT-003
1,0,0,1,0,179,2048,1,0,4,4,0,0,1,1,0,1,1,9,1,1,0,0,Critical,tls10_weak,smtp-stream-0,SMTP,587,1,4,TLS-002|CIPHER-001|CIPHER-002|CERT-003
1,0,0,1,0,179,2048,1,0,4,4,0,0,1,1,0,1,1,9,1,1,0,0,Critical,tls10_weak,smtp-stream-0,SMTP,587,1,4,TLS-002|CIPHER-001|CIPHER-002|CERT-003
1,0,0,1,0,179,2048,1,0,4,4,0,0,1,1,0,1,1,9,1,1,0,0,Critical,tls10_weak,smtp-stream-0,SMTP,587,1,4,TLS-002|CIPHER-001|CIPHER-002|CERT-003
1,0,0,1,0,179,2048,1,0,4,4,0,0,1,1,0,1,1,9,1,1,0,0,Critical,tls10_weak,smtp-stream-0,SMTP,587,1,4,TLS-002|CIPHER-001|CIPHER-002|CERT-003
1,0,0,1,0,179,2048,1,0,4,4,0,0,1,1,0,1,1,9,1,1,0,0,Critical,tls10_weak,smtp-stream-0,SMTP,587,1,4,TLS-002|CIPHER-001|CIPHER-002|CERT-003
1,0,0,1,0,179,2048,1,0,4,4,0,0,1,1,0,1,1,9,1,1,0,0,Critical,tls10_weak,smtp-stream-0,SMTP,587,1,4,TLS-002|CIPHER-001|CIPHER-002|CERT-003
1,0,0,1,0,179,2048,1,0,4,4,0,0,1,1,0,1,1,9,1,1,0,0,Critical,tls10_weak,smtp-stream-0,SMTP,587,1,4,TLS-002|CIPHER-001|CIPHER-002|CERT-003
1,0,0,1,0,179,2048,1,0,4,4,0,0,1,1,0,1,1,9,1,1,0,0,Critical,tls10_weak,smtp-stream-0,SMTP,587,1,4,TLS-002|CIPHER-001|CIPHER-002|CERT-003
1,0,0,1,0,179,2048,1,0,4,4,0,0,1,1,0,1,1,9,1,1,0,0,Critical,tls10_weak,smtp-stream-0,SMTP,587,1,4,TLS-002|CIPHER-001|CIPHER-002|CERT-003
1,0,0,1,0,179,2048,1,0,4,4,0,0,1,1,0,1,1,9,1,1,0,0,Critical,tls10_weak,smtp-stream-0,SMTP,587,1,4,TLS-002|CIPHER-001|CIPHER-002|CERT-003
1,0,0,1,0,179,2048,1,0,4,4,0,0,1,1,0,1,1,9,1,1,0,0,Critical,tls10_weak,smtp-stream-0,SMTP,587,1,4,TLS-002|CIPHER-001|CIPHER-002|CERT-003
1,0,0,1,0,179,2048,1,0,4,4,0,0,1,1,0,1,1,9,1,1,0,0,Critical,tls10_weak,smtp-stream-0,SMTP,587,1,4,TLS-002|CIPHER-001|CIPHER-002|CERT-003
1,0,0,1,0,179,2048,1,0,4,4,0,0,1,1,0,1,1,9,1,1,0,0,Critical,tls10_weak,smtp-stream-0,SMTP,587,1,4,TLS-002|CIPHER-001|CIPHER-002|CERT-003
1,0,0,1,0,179,2048,1,0,4,4,0,0,1,1,0,1,1,9,1,1,0,0,Critical,tls10_weak,smtp-stream-0,SMTP,587,1,4,TLS-002|CIPHER-001|CIPHER-002|CERT-003
1,0,0,1,0,179,2048,1,0,4,4,0,0,1,1,0,1,1,9,1,1,0,0,Critical,tls10_weak,smtp-stream-0,SMTP,587,1,4,TLS-002|CIPHER-001|CIPHER-002|CERT-003
1,0,0,1,0,179,2048,1,0,4,4,0,0,1,1,0,1,1,9,1,1,0,0,Critical,tls10_weak,smtp-stream-0,SMTP,587,1,4,TLS-002|CIPHER-001|CIPHER-002|CERT-003
1,0,0,1,0,179,2048,1,0,4,4,0,0,1,1,0,1,1,9,1,1,0,0,Critical,tls10_weak,smtp-stream-0,SMTP,587,1,4,TLS-002|CIPHER-001|CIPHER-002|CERT-003
1,0,0,1,0,179,2048,1,0,4,4,0,0,1,1,0,1,1,9,1,1,0,0,Critical,tls10_weak,smtp-stream-0,SMTP,587,1,4,TLS-002|CIPHER-001|CIPHER-002|CERT-003
1,0,0,1,0,179,2048,1,0,4,4,0,0,1,1,0,1,1,9,1,1,0,0,Critical,tls10_weak,smtp-stream-0,SMTP,587,1,4,TLS-002|CIPHER-001|CIPHER-002|CERT-003
1,0,0,1,0,179,2048,1,0,4,4,0,0,1,1,0,1,1,9,1,1,0,0,Critical,tls10_weak,smtp-stream-0,SMTP,587,1,4,TLS-002|CIPHER-001|CIPHER-002|CERT-003
1,0,0,1,0,179,2048,1,0,4,4,0,0,1,1,0,1,1,9,1,1,0,0,Critical,tls10_weak,smtp-stream-0,SMTP,587,1,4,TLS-002|CIPHER-001|CIPHER-002|CERT-003
1,0,0,1,0,179,2048,1,0,4,4,0,0,1,1,0,1,1,9,1,1,0,0,Critical,tls10_weak,smtp-stream-0,SMTP,587,1,4,TLS-002|CIPHER-001|CIPHER-002|CERT-003
1,0,0,1,0,179,2048,1,0,4,4,0,0,1,1,0,1,1,9,1,1,0,0,Critical,tls10_weak,smtp-stream-0,SMTP,587,1,4,TLS-002|CIPHER-001|CIPHER-002|CERT-003
1,0,0,1,0,179,2048,1,0,4,4,0,0,1,1,0,1,1,9,1,1,0,0,Critical,tls10_weak,smtp-stream-0,SMTP,587,1,4,TLS-002|CIPHER-001|CIPHER-002|CERT-003
1,0,0,1,0,179,2048,1,0,4,4,0,0,1,1,0,1,1,9,1,1,0,0,Critical,tls10_weak,smtp-stream-0,SMTP,587,1,4,TLS-002|CIPHER-001|CIPHER-002|CERT-003
1,0,0,1,0,179,2048,1,0,4,4,0,0,1,1,0,1,1,9,1,1,0,0,Critical,tls10_weak,smtp-stream-0,SMTP,587,1,4,TLS-002|CIPHER-001|CIPHER-002|CERT-003
1,0,0,1,0,179,2048,1,0,4,4,0,0,1,1,0,1,1,9,1,1,0,0,Critical,tls10_weak,smtp-stream-0,SMTP,587,1,4,TLS-002|CIPHER-001|CIPHER-002|CERT-003
1,0,0,1,0,179,2048,1,0,4,4,0,0,1,1,0,1,1,9,1,1,0,0,Critical,tls10_weak,smtp-stream-0,SMTP,587,1,4,TLS-002|CIPHER-001|CIPHER-002|CERT-003
3,3,1,1,0,179,2048,1,0,2,3,0,0,1,1,0,1,1,9,1,0,0,0,High,san_mismatch,smtp-stream-0,SMTP,587,1,2,CERT-002|CERT-003
3,3,1,1,0,179,2048,1,0,2,3,0,0,1,1,0,1,1,9,1,0,0,0,High,san_mismatch,smtp-stream-0,SMTP,587,1,2,CERT-002|CERT-003
3,3,1,1,0,179,2048,1,0,2,3,0,0,1,1,0,1,1,9,1,0,0,0,High,san_mismatch,smtp-stream-0,SMTP,587,1,2,CERT-002|CERT-003
3,3,1,1,0,179,2048,1,0,2,3,0,0,1,1,0,1,1,9,1,0,0,0,High,san_mismatch,smtp-stream-0,SMTP,587,1,2,CERT-002|CERT-003
3,3,1,1,0,179,2048,1,0,2,3,0,0,1,1,0,1,1,9,1,0,0,0,High,san_mismatch,smtp-stream-0,SMTP,587,1,2,CERT-002|CERT-003
3,3,1,1,0,179,2048,1,0,2,3,0,0,1,1,0,1,1,9,1,0,0,0,High,san_mismatch,smtp-stream-0,SMTP,587,1,2,CERT-002|CERT-003
3,3,1,1,0,179,2048,1,0,2,3,0,0,1,1,0,1,1,9,1,0,0,0,High,san_mismatch,smtp-stream-0,SMTP,587,1,2,CERT-002|CERT-003
3,3,1,1,0,179,2048,1,0,2,3,0,0,1,1,0,1,1,9,1,0,0,0,High,san_mismatch,smtp-stream-0,SMTP,587,1,2,CERT-002|CERT-003
3,3,1,1,0,179,2048,1,0,2,3,0,0,1,1,0,1,1,9,1,0,0,0,High,san_mismatch,smtp-stream-0,SMTP,587,1,2,CERT-002|CERT-003
3,3,1,1,0,179,2048,1,0,2,3,0,0,1,1,0,1,1,9,1,0,0,0,High,san_mismatch,smtp-stream-0,SMTP,587,1,2,CERT-002|CERT-003
3,3,1,1,0,179,2048,1,0,2,3,0,0,1,1,0,1,1,9,1,0,0,0,High,san_mismatch,smtp-stream-0,SMTP,587,1,2,CERT-002|CERT-003
3,3,1,1,0,179,2048,1,0,2,3,0,0,1,1,0,1,1,9,1,0,0,0,High,san_mismatch,smtp-stream-0,SMTP,587,1,2,CERT-002|CERT-003
3,3,1,1,0,179,2048,1,0,2,3,0,0,1,1,0,1,1,9,1,0,0,0,High,san_mismatch,smtp-stream-0,SMTP,587,1,2,CERT-002|CERT-003
3,3,1,1,0,179,2048,1,0,2,3,0,0,1,1,0,1,1,9,1,0,0,0,High,san_mismatch,smtp-stream-0,SMTP,587,1,2,CERT-002|CERT-003
3,3,1,1,0,179,2048,1,0,2,3,0,0,1,1,0,1,1,9,1,0,0,0,High,san_mismatch,smtp-stream-0,SMTP,587,1,2,CERT-002|CERT-003
3,3,1,1,0,179,2048,1,0,2,3,0,0,1,1,0,1,1,9,1,0,0,0,High,san_mismatch,smtp-stream-0,SMTP,587,1,2,CERT-002|CERT-003
3,3,1,1,0,179,2048,1,0,2,3,0,0,1,1,0,1,1,9,1,0,0,0,High,san_mismatch,smtp-stream-0,SMTP,587,1,2,CERT-002|CERT-003
3,3,1,1,0,179,2048,1,0,2,3,0,0,1,1,0,1,1,9,1,0,0,0,High,san_mismatch,smtp-stream-0,SMTP,587,1,2,CERT-002|CERT-003
3,3,1,1,0,179,2048,1,0,2,3,0,0,1,1,0,1,1,9,1,0,0,0,High,san_mismatch,smtp-stream-0,SMTP,587,1,2,CERT-002|CERT-003
3,3,1,1,0,179,2048,1,0,2,3,0,0,1,1,0,1,1,9,1,0,0,0,High,san_mismatch,smtp-stream-0,SMTP,587,1,2,CERT-002|CERT-003
3,3,1,1,0,179,2048,1,0,2,3,0,0,1,1,0,1,1,9,1,0,0,0,High,san_mismatch,smtp-stream-0,SMTP,587,1,2,CERT-002|CERT-003
3,3,1,1,0,179,2048,1,0,2,3,0,0,1,1,0,1,1,9,1,0,0,0,High,san_mismatch,smtp-stream-0,SMTP,587,1,2,CERT-002|CERT-003
3,3,1,1,0,179,2048,1,0,2,3,0,0,1,1,0,1,1,9,1,0,0,0,High,san_mismatch,smtp-stream-0,SMTP,587,1,2,CERT-002|CERT-003
3,3,1,1,0,179,2048,1,0,2,3,0,0,1,1,0,1,1,9,1,0,0,0,High,san_mismatch,smtp-stream-0,SMTP,587,1,2,CERT-002|CERT-003
3,3,1,1,0,179,2048,1,0,2,3,0,0,1,1,0,1,1,9,1,0,0,0,High,san_mismatch,smtp-stream-0,SMTP,587,1,2,CERT-002|CERT-003
3,3,1,1,0,179,2048,1,0,2,3,0,0,1,1,0,1,1,9,1,0,0,0,High,san_mismatch,smtp-stream-0,SMTP,587,1,2,CERT-002|CERT-003
3,3,1,1,0,179,2048,1,0,2,3,0,0,1,1,0,1,1,9,1,0,0,0,High,san_mismatch,smtp-stream-0,SMTP,587,1,2,CERT-002|CERT-003
3,3,1,1,0,179,2048,1,0,2,3,0,0,1,1,0,1,1,9,1,0,0,0,High,san_mismatch,smtp-stream-0,SMTP,587,1,2,CERT-002|CERT-003
3,3,1,1,0,179,2048,1,0,2,3,0,0,1,1,0,1,1,9,1,0,0,0,High,san_mismatch,smtp-stream-0,SMTP,587,1,2,CERT-002|CERT-003
3,3,1,1,0,179,2048,1,0,2,3,0,0,1,1,0,1,1,9,1,0,0,0,High,san_mismatch,smtp-stream-0,SMTP,587,1,2,CERT-002|CERT-003
3,3,1,1,0,179,2048,1,0,2,3,0,0,1,1,0,1,1,9,1,0,0,0,High,san_mismatch,smtp-stream-0,SMTP,587,1,2,CERT-002|CERT-003
3,3,1,1,0,179,2048,1,0,2,3,0,0,1,1,0,1,1,9,1,0,0,0,High,san_mismatch,smtp-stream-0,SMTP,587,1,2,CERT-002|CERT-003
3,3,1,1,0,179,2048,1,0,2,3,0,0,1,1,0,1,1,9,1,0,0,0,High,san_mismatch,smtp-stream-0,SMTP,587,1,2,CERT-002|CERT-003
3,3,1,1,0,179,2048,1,0,2,3,0,0,1,1,0,1,1,9,1,0,0,0,High,san_mismatch,smtp-stream-0,SMTP,587,1,2,CERT-002|CERT-003
3,3,1,1,0,179,2048,1,0,2,3,0,0,1,1,0,1,1,9,1,0,0,0,High,san_mismatch,smtp-stream-0,SMTP,587,1,2,CERT-002|CERT-003
3,3,1,1,0,179,2048,1,0,2,3,0,0,1,1,0,1,1,9,1,0,0,0,High,san_mismatch,smtp-stream-0,SMTP,587,1,2,CERT-002|CERT-003
3,3,1,1,0,179,2048,1,0,2,3,0,0,1,1,0,1,1,9,1,0,0,0,High,san_mismatch,smtp-stream-0,SMTP,587,1,2,CERT-002|CERT-003
3,3,1,1,0,179,2048,1,0,2,3,0,0,1,1,0,1,1,9,1,0,0,0,High,san_mismatch,smtp-stream-0,SMTP,587,1,2,CERT-002|CERT-003
3,3,1,1,0,179,2048,1,0,2,3,0,0,1,1,0,1,1,9,1,0,0,0,High,san_mismatch,smtp-stream-0,SMTP,587,1,2,CERT-002|CERT-003
3,3,1,1,0,179,2048,1,0,2,3,0,0,1,1,0,1,1,9,1,0,0,0,High,san_mismatch,smtp-stream-0,SMTP,587,1,2,CERT-002|CERT-003
3,3,1,1,0,179,2048,1,0,2,3,0,0,1,1,0,1,1,9,1,0,0,0,High,san_mismatch,smtp-stream-0,SMTP,587,1,2,CERT-002|CERT-003
3,3,1,1,0,179,2048,1,0,2,3,0,0,1,1,0,1,1,9,1,0,0,0,High,san_mismatch,smtp-stream-0,SMTP,587,1,2,CERT-002|CERT-003
3,3,1,1,0,179,2048,1,0,2,3,0,0,1,1,0,1,1,9,1,0,0,0,High,san_mismatch,smtp-stream-0,SMTP,587,1,2,CERT-002|CERT-003
3,3,1,1,0,179,2048,1,0,2,3,0,0,1,1,0,1,1,9,1,0,0,0,High,san_mismatch,smtp-stream-0,SMTP,587,1,2,CERT-002|CERT-003
3,3,1,1,0,179,2048,1,0,2,3,0,0,1,1,0,1,1,9,1,0,0,0,High,san_mismatch,smtp-stream-0,SMTP,587,1,2,CERT-002|CERT-003
3,3,1,1,0,179,2048,1,0,2,3,0,0,1,1,0,1,1,9,1,0,0,0,High,san_mismatch,smtp-stream-0,SMTP,587,1,2,CERT-002|CERT-003
3,3,1,1,0,179,2048,1,0,2,3,0,0,1,1,0,1,1,9,1,0,0,0,High,san_mismatch,smtp-stream-0,SMTP,587,1,2,CERT-002|CERT-003
3,3,1,1,0,179,2048,1,0,2,3,0,0,1,1,0,1,1,9,1,0,0,0,High,san_mismatch,smtp-stream-0,SMTP,587,1,2,CERT-002|CERT-003
3,3,1,1,0,179,2048,1,0,2,3,0,0,1,1,0,1,1,9,1,0,0,0,High,san_mismatch,smtp-stream-0,SMTP,587,1,2,CERT-002|CERT-003
3,3,1,1,0,179,2048,1,0,2,3,0,0,1,1,0,1,1,9,1,0,0,0,High,san_mismatch,smtp-stream-0,SMTP,587,1,2,CERT-002|CERT-003
3,3,0,1,0,179,2048,1,0,2,3,0,0,1,1,0,1,1,9,1,1,0,0,High,static_rsa,smtp-stream-0,SMTP,587,1,2,CIPHER-002|CERT-003
3,3,0,1,0,179,2048,1,0,2,3,0,0,1,1,0,1,1,9,1,1,0,0,High,static_rsa,smtp-stream-0,SMTP,587,1,2,CIPHER-002|CERT-003
3,3,0,1,0,179,2048,1,0,2,3,0,0,1,1,0,1,1,9,1,1,0,0,High,static_rsa,smtp-stream-0,SMTP,587,1,2,CIPHER-002|CERT-003
3,3,0,1,0,179,2048,1,0,2,3,0,0,1,1,0,1,1,9,1,1,0,0,High,static_rsa,smtp-stream-0,SMTP,587,1,2,CIPHER-002|CERT-003
3,3,0,1,0,179,2048,1,0,2,3,0,0,1,1,0,1,1,9,1,1,0,0,High,static_rsa,smtp-stream-0,SMTP,587,1,2,CIPHER-002|CERT-003
3,3,0,1,0,179,2048,1,0,2,3,0,0,1,1,0,1,1,9,1,1,0,0,High,static_rsa,smtp-stream-0,SMTP,587,1,2,CIPHER-002|CERT-003
3,3,0,1,0,179,2048,1,0,2,3,0,0,1,1,0,1,1,9,1,1,0,0,High,static_rsa,smtp-stream-0,SMTP,587,1,2,CIPHER-002|CERT-003
3,3,0,1,0,179,2048,1,0,2,3,0,0,1,1,0,1,1,9,1,1,0,0,High,static_rsa,smtp-stream-0,SMTP,587,1,2,CIPHER-002|CERT-003
3,3,0,1,0,179,2048,1,0,2,3,0,0,1,1,0,1,1,9,1,1,0,0,High,static_rsa,smtp-stream-0,SMTP,587,1,2,CIPHER-002|CERT-003
3,3,0,1,0,179,2048,1,0,2,3,0,0,1,1,0,1,1,9,1,1,0,0,High,static_rsa,smtp-stream-0,SMTP,587,1,2,CIPHER-002|CERT-003
3,3,0,1,0,179,2048,1,0,2,3,0,0,1,1,0,1,1,9,1,1,0,0,High,static_rsa,smtp-stream-0,SMTP,587,1,2,CIPHER-002|CERT-003
3,3,0,1,0,179,2048,1,0,2,3,0,0,1,1,0,1,1,9,1,1,0,0,High,static_rsa,smtp-stream-0,SMTP,587,1,2,CIPHER-002|CERT-003
3,3,0,1,0,179,2048,1,0,2,3,0,0,1,1,0,1,1,9,1,1,0,0,High,static_rsa,smtp-stream-0,SMTP,587,1,2,CIPHER-002|CERT-003
3,3,0,1,0,179,2048,1,0,2,3,0,0,1,1,0,1,1,9,1,1,0,0,High,static_rsa,smtp-stream-0,SMTP,587,1,2,CIPHER-002|CERT-003
3,3,0,1,0,179,2048,1,0,2,3,0,0,1,1,0,1,1,9,1,1,0,0,High,static_rsa,smtp-stream-0,SMTP,587,1,2,CIPHER-002|CERT-003
3,3,0,1,0,179,2048,1,0,2,3,0,0,1,1,0,1,1,9,1,1,0,0,High,static_rsa,smtp-stream-0,SMTP,587,1,2,CIPHER-002|CERT-003
3,3,0,1,0,179,2048,1,0,2,3,0,0,1,1,0,1,1,9,1,1,0,0,High,static_rsa,smtp-stream-0,SMTP,587,1,2,CIPHER-002|CERT-003
3,3,0,1,0,179,2048,1,0,2,3,0,0,1,1,0,1,1,9,1,1,0,0,High,static_rsa,smtp-stream-0,SMTP,587,1,2,CIPHER-002|CERT-003
3,3,0,1,0,179,2048,1,0,2,3,0,0,1,1,0,1,1,9,1,1,0,0,High,static_rsa,smtp-stream-0,SMTP,587,1,2,CIPHER-002|CERT-003
3,3,0,1,0,179,2048,1,0,2,3,0,0,1,1,0,1,1,9,1,1,0,0,High,static_rsa,smtp-stream-0,SMTP,587,1,2,CIPHER-002|CERT-003
3,3,0,1,0,179,2048,1,0,2,3,0,0,1,1,0,1,1,9,1,1,0,0,High,static_rsa,smtp-stream-0,SMTP,587,1,2,CIPHER-002|CERT-003
3,3,0,1,0,179,2048,1,0,2,3,0,0,1,1,0,1,1,9,1,1,0,0,High,static_rsa,smtp-stream-0,SMTP,587,1,2,CIPHER-002|CERT-003
3,3,0,1,0,179,2048,1,0,2,3,0,0,1,1,0,1,1,9,1,1,0,0,High,static_rsa,smtp-stream-0,SMTP,587,1,2,CIPHER-002|CERT-003
3,3,0,1,0,179,2048,1,0,2,3,0,0,1,1,0,1,1,9,1,1,0,0,High,static_rsa,smtp-stream-0,SMTP,587,1,2,CIPHER-002|CERT-003
3,3,0,1,0,179,2048,1,0,2,3,0,0,1,1,0,1,1,9,1,1,0,0,High,static_rsa,smtp-stream-0,SMTP,587,1,2,CIPHER-002|CERT-003
3,3,0,1,0,179,2048,1,0,2,3,0,0,1,1,0,1,1,9,1,1,0,0,High,static_rsa,smtp-stream-0,SMTP,587,1,2,CIPHER-002|CERT-003
3,3,0,1,0,179,2048,1,0,2,3,0,0,1,1,0,1,1,9,1,1,0,0,High,static_rsa,smtp-stream-0,SMTP,587,1,2,CIPHER-002|CERT-003
3,3,0,1,0,179,2048,1,0,2,3,0,0,1,1,0,1,1,9,1,1,0,0,High,static_rsa,smtp-stream-0,SMTP,587,1,2,CIPHER-002|CERT-003
3,3,0,1,0,179,2048,1,0,2,3,0,0,1,1,0,1,1,9,1,1,0,0,High,static_rsa,smtp-stream-0,SMTP,587,1,2,CIPHER-002|CERT-003
3,3,0,1,0,179,2048,1,0,2,3,0,0,1,1,0,1,1,9,1,1,0,0,High,static_rsa,smtp-stream-0,SMTP,587,1,2,CIPHER-002|CERT-003
3,3,0,1,0,179,2048,1,0,2,3,0,0,1,1,0,1,1,9,1,1,0,0,High,static_rsa,smtp-stream-0,SMTP,587,1,2,CIPHER-002|CERT-003
3,3,0,1,0,179,2048,1,0,2,3,0,0,1,1,0,1,1,9,1,1,0,0,High,static_rsa,smtp-stream-0,SMTP,587,1,2,CIPHER-002|CERT-003
3,3,0,1,0,179,2048,1,0,2,3,0,0,1,1,0,1,1,9,1,1,0,0,High,static_rsa,smtp-stream-0,SMTP,587,1,2,CIPHER-002|CERT-003
3,3,0,1,0,179,2048,1,0,2,3,0,0,1,1,0,1,1,9,1,1,0,0,High,static_rsa,smtp-stream-0,SMTP,587,1,2,CIPHER-002|CERT-003
3,3,0,1,0,179,2048,1,0,2,3,0,0,1,1,0,1,1,9,1,1,0,0,High,static_rsa,smtp-stream-0,SMTP,587,1,2,CIPHER-002|CERT-003
3,3,0,1,0,179,2048,1,0,2,3,0,0,1,1,0,1,1,9,1,1,0,0,High,static_rsa,smtp-stream-0,SMTP,587,1,2,CIPHER-002|CERT-003
3,3,0,1,0,179,2048,1,0,2,3,0,0,1,1,0,1,1,9,1,1,0,0,High,static_rsa,smtp-stream-0,SMTP,587,1,2,CIPHER-002|CERT-003
3,3,0,1,0,179,2048,1,0,2,3,0,0,1,1,0,1,1,9,1,1,0,0,High,static_rsa,smtp-stream-0,SMTP,587,1,2,CIPHER-002|CERT-003
3,3,0,1,0,179,2048,1,0,2,3,0,0,1,1,0,1,1,9,1,1,0,0,High,static_rsa,smtp-stream-0,SMTP,587,1,2,CIPHER-002|CERT-003
3,3,0,1,0,179,2048,1,0,2,3,0,0,1,1,0,1,1,9,1,1,0,0,High,static_rsa,smtp-stream-0,SMTP,587,1,2,CIPHER-002|CERT-003
3,3,0,1,0,179,2048,1,0,2,3,0,0,1,1,0,1,1,9,1,1,0,0,High,static_rsa,smtp-stream-0,SMTP,587,1,2,CIPHER-002|CERT-003
3,3,0,1,0,179,2048,1,0,2,3,0,0,1,1,0,1,1,9,1,1,0,0,High,static_rsa,smtp-stream-0,SMTP,587,1,2,CIPHER-002|CERT-003
3,3,0,1,0,179,2048,1,0,2,3,0,0,1,1,0,1,1,9,1,1,0,0,High,static_rsa,smtp-stream-0,SMTP,587,1,2,CIPHER-002|CERT-003
3,3,0,1,0,179,2048,1,0,2,3,0,0,1,1,0,1,1,9,1,1,0,0,High,static_rsa,smtp-stream-0,SMTP,587,1,2,CIPHER-002|CERT-003
3,3,0,1,0,179,2048,1,0,2,3,0,0,1,1,0,1,1,9,1,1,0,0,High,static_rsa,smtp-stream-0,SMTP,587,1,2,CIPHER-002|CERT-003
3,3,0,1,0,179,2048,1,0,2,3,0,0,1,1,0,1,1,9,1,1,0,0,High,static_rsa,smtp-stream-0,SMTP,587,1,2,CIPHER-002|CERT-003
3,3,0,1,0,179,2048,1,0,2,3,0,0,1,1,0,1,1,9,1,1,0,0,High,static_rsa,smtp-stream-0,SMTP,587,1,2,CIPHER-002|CERT-003
3,3,0,1,0,179,2048,1,0,2,3,0,0,1,1,0,1,1,9,1,1,0,0,High,static_rsa,smtp-stream-0,SMTP,587,1,2,CIPHER-002|CERT-003
3,3,0,1,0,179,2048,1,0,2,3,0,0,1,1,0,1,1,9,1,1,0,0,High,static_rsa,smtp-stream-0,SMTP,587,1,2,CIPHER-002|CERT-003
3,3,0,1,0,179,2048,1,0,2,3,0,0,1,1,0,1,1,9,1,1,0,0,High,static_rsa,smtp-stream-0,SMTP,587,1,2,CIPHER-002|CERT-003
3,3,1,1,0,179,2048,1,0,1,2,0,0,1,1,0,1,1,9,1,1,0,0,Medium,self_signed,smtp-stream-0,SMTP,587,1,1,CERT-003
3,3,1,1,0,179,2048,1,0,1,2,0,0,1,1,0,1,1,9,1,1,0,0,Medium,self_signed,smtp-stream-0,SMTP,587,1,1,CERT-003
3,3,1,1,0,179,2048,1,0,1,2,0,0,1,1,0,1,1,9,1,1,0,0,Medium,self_signed,smtp-stream-0,SMTP,587,1,1,CERT-003
3,3,1,1,0,179,2048,1,0,1,2,0,0,1,1,0,1,1,9,1,1,0,0,Medium,self_signed,smtp-stream-0,SMTP,587,1,1,CERT-003
3,3,1,1,0,179,2048,1,0,1,2,0,0,1,1,0,1,1,9,1,1,0,0,Medium,self_signed,smtp-stream-0,SMTP,587,1,1,CERT-003
3,3,1,1,0,179,2048,1,0,1,2,0,0,1,1,0,1,1,9,1,1,0,0,Medium,self_signed,smtp-stream-0,SMTP,587,1,1,CERT-003
3,3,1,1,0,179,2048,1,0,1,2,0,0,1,1,0,1,1,9,1,1,0,0,Medium,self_signed,smtp-stream-0,SMTP,587,1,1,CERT-003
3,3,1,1,0,179,2048,1,0,1,2,0,0,1,1,0,1,1,9,1,1,0,0,Medium,self_signed,smtp-stream-0,SMTP,587,1,1,CERT-003
3,3,1,1,0,179,2048,1,0,1,2,0,0,1,1,0,1,1,9,1,1,0,0,Medium,self_signed,smtp-stream-0,SMTP,587,1,1,CERT-003
3,3,1,1,0,179,2048,1,0,1,2,0,0,1,1,0,1,1,9,1,1,0,0,Medium,self_signed,smtp-stream-0,SMTP,587,1,1,CERT-003
3,3,1,1,0,179,2048,1,0,1,2,0,0,1,1,0,1,1,9,1,1,0,0,Medium,self_signed,smtp-stream-0,SMTP,587,1,1,CERT-003
3,3,1,1,0,179,2048,1,0,1,2,0,0,1,1,0,1,1,9,1,1,0,0,Medium,self_signed,smtp-stream-0,SMTP,587,1,1,CERT-003
3,3,1,1,0,179,2048,1,0,1,2,0,0,1,1,0,1,1,9,1,1,0,0,Medium,self_signed,smtp-stream-0,SMTP,587,1,1,CERT-003
3,3,1,1,0,179,2048,1,0,1,2,0,0,1,1,0,1,1,9,1,1,0,0,Medium,self_signed,smtp-stream-0,SMTP,587,1,1,CERT-003
3,3,1,1,0,179,2048,1,0,1,2,0,0,1,1,0,1,1,9,1,1,0,0,Medium,self_signed,smtp-stream-0,SMTP,587,1,1,CERT-003
3,3,1,1,0,179,2048,1,0,1,2,0,0,1,1,0,1,1,9,1,1,0,0,Medium,self_signed,smtp-stream-0,SMTP,587,1,1,CERT-003
3,3,1,1,0,179,2048,1,0,1,2,0,0,1,1,0,1,1,9,1,1,0,0,Medium,self_signed,smtp-stream-0,SMTP,587,1,1,CERT-003
3,3,1,1,0,179,2048,1,0,1,2,0,0,1,1,0,1,1,9,1,1,0,0,Medium,self_signed,smtp-stream-0,SMTP,587,1,1,CERT-003
3,3,1,1,0,179,2048,1,0,1,2,0,0,1,1,0,1,1,9,1,1,0,0,Medium,self_signed,smtp-stream-0,SMTP,587,1,1,CERT-003
3,3,1,1,0,179,2048,1,0,1,2,0,0,1,1,0,1,1,9,1,1,0,0,Medium,self_signed,smtp-stream-0,SMTP,587,1,1,CERT-003
3,3,1,1,0,179,2048,1,0,1,2,0,0,1,1,0,1,1,9,1,1,0,0,Medium,self_signed,smtp-stream-0,SMTP,587,1,1,CERT-003
3,3,1,1,0,179,2048,1,0,1,2,0,0,1,1,0,1,1,9,1,1,0,0,Medium,self_signed,smtp-stream-0,SMTP,587,1,1,CERT-003
3,3,1,1,0,179,2048,1,0,1,2,0,0,1,1,0,1,1,9,1,1,0,0,Medium,self_signed,smtp-stream-0,SMTP,587,1,1,CERT-003
3,3,1,1,0,179,2048,1,0,1,2,0,0,1,1,0,1,1,9,1,1,0,0,Medium,self_signed,smtp-stream-0,SMTP,587,1,1,CERT-003
3,3,1,1,0,179,2048,1,0,1,2,0,0,1,1,0,1,1,9,1,1,0,0,Medium,self_signed,smtp-stream-0,SMTP,587,1,1,CERT-003
3,3,1,1,0,179,2048,1,0,1,2,0,0,1,1,0,1,1,9,1,1,0,0,Medium,self_signed,smtp-stream-0,SMTP,587,1,1,CERT-003
3,3,1,1,0,179,2048,1,0,1,2,0,0,1,1,0,1,1,9,1,1,0,0,Medium,self_signed,smtp-stream-0,SMTP,587,1,1,CERT-003
3,3,1,1,0,179,2048,1,0,1,2,0,0,1,1,0,1,1,9,1,1,0,0,Medium,self_signed,smtp-stream-0,SMTP,587,1,1,CERT-003
3,3,1,1,0,179,2048,1,0,1,2,0,0,1,1,0,1,1,9,1,1,0,0,Medium,self_signed,smtp-stream-0,SMTP,587,1,1,CERT-003
3,3,1,1,0,179,2048,1,0,1,2,0,0,1,1,0,1,1,9,1,1,0,0,Medium,self_signed,smtp-stream-0,SMTP,587,1,1,CERT-003
3,3,1,1,0,179,2048,1,0,1,2,0,0,1,1,0,1,1,9,1,1,0,0,Medium,self_signed,smtp-stream-0,SMTP,587,1,1,CERT-003
3,3,1,1,0,179,2048,1,0,1,2,0,0,1,1,0,1,1,9,1,1,0,0,Medium,self_signed,smtp-stream-0,SMTP,587,1,1,CERT-003
3,3,1,1,0,179,2048,1,0,1,2,0,0,1,1,0,1,1,9,1,1,0,0,Medium,self_signed,smtp-stream-0,SMTP,587,1,1,CERT-003
3,3,1,1,0,179,2048,1,0,1,2,0,0,1,1,0,1,1,9,1,1,0,0,Medium,self_signed,smtp-stream-0,SMTP,587,1,1,CERT-003
3,3,1,1,0,179,2048,1,0,1,2,0,0,1,1,0,1,1,9,1,1,0,0,Medium,self_signed,smtp-stream-0,SMTP,587,1,1,CERT-003
3,3,1,1,0,179,2048,1,0,1,2,0,0,1,1,0,1,1,9,1,1,0,0,Medium,self_signed,smtp-stream-0,SMTP,587,1,1,CERT-003
3,3,1,1,0,179,2048,1,0,1,2,0,0,1,1,0,1,1,9,1,1,0,0,Medium,self_signed,smtp-stream-0,SMTP,587,1,1,CERT-003
3,3,1,1,0,179,2048,1,0,1,2,0,0,1,1,0,1,1,9,1,1,0,0,Medium,self_signed,smtp-stream-0,SMTP,587,1,1,CERT-003
3,3,1,1,0,179,2048,1,0,1,2,0,0,1,1,0,1,1,9,1,1,0,0,Medium,self_signed,smtp-stream-0,SMTP,587,1,1,CERT-003
3,3,1,1,0,179,2048,1,0,1,2,0,0,1,1,0,1,1,9,1,1,0,0,Medium,self_signed,smtp-stream-0,SMTP,587,1,1,CERT-003
3,3,1,1,0,179,2048,1,0,1,2,0,0,1,1,0,1,1,9,1,1,0,0,Medium,self_signed,smtp-stream-0,SMTP,587,1,1,CERT-003
3,3,1,1,0,179,2048,1,0,1,2,0,0,1,1,0,1,1,9,1,1,0,0,Medium,self_signed,smtp-stream-0,SMTP,587,1,1,CERT-003
3,3,1,1,0,179,2048,1,0,1,2,0,0,1,1,0,1,1,9,1,1,0,0,Medium,self_signed,smtp-stream-0,SMTP,587,1,1,CERT-003
3,3,1,1,0,179,2048,1,0,1,2,0,0,1,1,0,1,1,9,1,1,0,0,Medium,self_signed,smtp-stream-0,SMTP,587,1,1,CERT-003
3,3,1,1,0,179,2048,1,0,1,2,0,0,1,1,0,1,1,9,1,1,0,0,Medium,self_signed,smtp-stream-0,SMTP,587,1,1,CERT-003
3,3,1,1,0,179,2048,1,0,1,2,0,0,1,1,0,1,1,9,1,1,0,0,Medium,self_signed,smtp-stream-0,SMTP,587,1,1,CERT-003
3,3,1,1,0,179,2048,1,0,1,2,0,0,1,1,0,1,1,9,1,1,0,0,Medium,self_signed,smtp-stream-0,SMTP,587,1,1,CERT-003
3,3,1,1,0,179,2048,1,0,1,2,0,0,1,1,0,1,1,9,1,1,0,0,Medium,self_signed,smtp-stream-0,SMTP,587,1,1,CERT-003
3,3,1,1,0,179,2048,1,0,1,2,0,0,1,1,0,1,1,9,1,1,0,0,Medium,self_signed,smtp-stream-0,SMTP,587,1,1,CERT-003
3,3,1,1,0,179,2048,1,0,1,2,0,0,1,1,0,1,1,9,1,1,0,0,Medium,self_signed,smtp-stream-0,SMTP,587,1,1,CERT-003
3,3,1,1,0,179,1024,1,0,2,3,0,0,1,1,0,1,1,9,1,1,0,0,High,weak_key,smtp-stream-0,SMTP,587,1,2,CERT-003|CERT-004
3,3,1,1,0,179,1024,1,0,2,3,0,0,1,1,0,1,1,9,1,1,0,0,High,weak_key,smtp-stream-0,SMTP,587,1,2,CERT-003|CERT-004
3,3,1,1,0,179,1024,1,0,2,3,0,0,1,1,0,1,1,9,1,1,0,0,High,weak_key,smtp-stream-0,SMTP,587,1,2,CERT-003|CERT-004
3,3,1,1,0,179,1024,1,0,2,3,0,0,1,1,0,1,1,9,1,1,0,0,High,weak_key,smtp-stream-0,SMTP,587,1,2,CERT-003|CERT-004
3,3,1,1,0,179,1024,1,0,2,3,0,0,1,1,0,1,1,9,1,1,0,0,High,weak_key,smtp-stream-0,SMTP,587,1,2,CERT-003|CERT-004
3,3,1,1,0,179,1024,1,0,2,3,0,0,1,1,0,1,1,9,1,1,0,0,High,weak_key,smtp-stream-0,SMTP,587,1,2,CERT-003|CERT-004
3,3,1,1,0,179,1024,1,0,2,3,0,0,1,1,0,1,1,9,1,1,0,0,High,weak_key,smtp-stream-0,SMTP,587,1,2,CERT-003|CERT-004
3,3,1,1,0,179,1024,1,0,2,3,0,0,1,1,0,1,1,9,1,1,0,0,High,weak_key,smtp-stream-0,SMTP,587,1,2,CERT-003|CERT-004
3,3,1,1,0,179,1024,1,0,2,3,0,0,1,1,0,1,1,9,1,1,0,0,High,weak_key,smtp-stream-0,SMTP,587,1,2,CERT-003|CERT-004
3,3,1,1,0,179,1024,1,0,2,3,0,0,1,1,0,1,1,9,1,1,0,0,High,weak_key,smtp-stream-0,SMTP,587,1,2,CERT-003|CERT-004
3,3,1,1,0,179,1024,1,0,2,3,0,0,1,1,0,1,1,9,1,1,0,0,High,weak_key,smtp-stream-0,SMTP,587,1,2,CERT-003|CERT-004
3,3,1,1,0,179,1024,1,0,2,3,0,0,1,1,0,1,1,9,1,1,0,0,High,weak_key,smtp-stream-0,SMTP,587,1,2,CERT-003|CERT-004
3,3,1,1,0,179,1024,1,0,2,3,0,0,1,1,0,1,1,9,1,1,0,0,High,weak_key,smtp-stream-0,SMTP,587,1,2,CERT-003|CERT-004
3,3,1,1,0,179,1024,1,0,2,3,0,0,1,1,0,1,1,9,1,1,0,0,High,weak_key,smtp-stream-0,SMTP,587,1,2,CERT-003|CERT-004
3,3,1,1,0,179,1024,1,0,2,3,0,0,1,1,0,1,1,9,1,1,0,0,High,weak_key,smtp-stream-0,SMTP,587,1,2,CERT-003|CERT-004
3,3,1,1,0,179,1024,1,0,2,3,0,0,1,1,0,1,1,9,1,1,0,0,High,weak_key,smtp-stream-0,SMTP,587,1,2,CERT-003|CERT-004
3,3,1,1,0,179,1024,1,0,2,3,0,0,1,1,0,1,1,9,1,1,0,0,High,weak_key,smtp-stream-0,SMTP,587,1,2,CERT-003|CERT-004
3,3,1,1,0,179,1024,1,0,2,3,0,0,1,1,0,1,1,9,1,1,0,0,High,weak_key,smtp-stream-0,SMTP,587,1,2,CERT-003|CERT-004
3,3,1,1,0,179,1024,1,0,2,3,0,0,1,1,0,1,1,9,1,1,0,0,High,weak_key,smtp-stream-0,SMTP,587,1,2,CERT-003|CERT-004
3,3,1,1,0,179,1024,1,0,2,3,0,0,1,1,0,1,1,9,1,1,0,0,High,weak_key,smtp-stream-0,SMTP,587,1,2,CERT-003|CERT-004
3,3,1,1,0,179,1024,1,0,2,3,0,0,1,1,0,1,1,9,1,1,0,0,High,weak_key,smtp-stream-0,SMTP,587,1,2,CERT-003|CERT-004
3,3,1,1,0,179,1024,1,0,2,3,0,0,1,1,0,1,1,9,1,1,0,0,High,weak_key,smtp-stream-0,SMTP,587,1,2,CERT-003|CERT-004
3,3,1,1,0,179,1024,1,0,2,3,0,0,1,1,0,1,1,9,1,1,0,0,High,weak_key,smtp-stream-0,SMTP,587,1,2,CERT-003|CERT-004
3,3,1,1,0,179,1024,1,0,2,3,0,0,1,1,0,1,1,9,1,1,0,0,High,weak_key,smtp-stream-0,SMTP,587,1,2,CERT-003|CERT-004
3,3,1,1,0,179,1024,1,0,2,3,0,0,1,1,0,1,1,9,1,1,0,0,High,weak_key,smtp-stream-0,SMTP,587,1,2,CERT-003|CERT-004
3,3,1,1,0,179,1024,1,0,2,3,0,0,1,1,0,1,1,9,1,1,0,0,High,weak_key,smtp-stream-0,SMTP,587,1,2,CERT-003|CERT-004
3,3,1,1,0,179,1024,1,0,2,3,0,0,1,1,0,1,1,9,1,1,0,0,High,weak_key,smtp-stream-0,SMTP,587,1,2,CERT-003|CERT-004
3,3,1,1,0,179,1024,1,0,2,3,0,0,1,1,0,1,1,9,1,1,0,0,High,weak_key,smtp-stream-0,SMTP,587,1,2,CERT-003|CERT-004
3,3,1,1,0,179,1024,1,0,2,3,0,0,1,1,0,1,1,9,1,1,0,0,High,weak_key,smtp-stream-0,SMTP,587,1,2,CERT-003|CERT-004
3,3,1,1,0,179,1024,1,0,2,3,0,0,1,1,0,1,1,9,1,1,0,0,High,weak_key,smtp-stream-0,SMTP,587,1,2,CERT-003|CERT-004
3,3,1,1,0,179,1024,1,0,2,3,0,0,1,1,0,1,1,9,1,1,0,0,High,weak_key,smtp-stream-0,SMTP,587,1,2,CERT-003|CERT-004
3,3,1,1,0,179,1024,1,0,2,3,0,0,1,1,0,1,1,9,1,1,0,0,High,weak_key,smtp-stream-0,SMTP,587,1,2,CERT-003|CERT-004
3,3,1,1,0,179,1024,1,0,2,3,0,0,1,1,0,1,1,9,1,1,0,0,High,weak_key,smtp-stream-0,SMTP,587,1,2,CERT-003|CERT-004
3,3,1,1,0,179,1024,1,0,2,3,0,0,1,1,0,1,1,9,1,1,0,0,High,weak_key,smtp-stream-0,SMTP,587,1,2,CERT-003|CERT-004
3,3,1,1,0,179,1024,1,0,2,3,0,0,1,1,0,1,1,9,1,1,0,0,High,weak_key,smtp-stream-0,SMTP,587,1,2,CERT-003|CERT-004
3,3,1,1,0,179,1024,1,0,2,3,0,0,1,1,0,1,1,9,1,1,0,0,High,weak_key,smtp-stream-0,SMTP,587,1,2,CERT-003|CERT-004
3,3,1,1,0,179,1024,1,0,2,3,0,0,1,1,0,1,1,9,1,1,0,0,High,weak_key,smtp-stream-0,SMTP,587,1,2,CERT-003|CERT-004
3,3,1,1,0,179,1024,1,0,2,3,0,0,1,1,0,1,1,9,1,1,0,0,High,weak_key,smtp-stream-0,SMTP,587,1,2,CERT-003|CERT-004
3,3,1,1,0,179,1024,1,0,2,3,0,0,1,1,0,1,1,9,1,1,0,0,High,weak_key,smtp-stream-0,SMTP,587,1,2,CERT-003|CERT-004
3,3,1,1,0,179,1024,1,0,2,3,0,0,1,1,0,1,1,9,1,1,0,0,High,weak_key,smtp-stream-0,SMTP,587,1,2,CERT-003|CERT-004
3,3,1,1,0,179,1024,1,0,2,3,0,0,1,1,0,1,1,9,1,1,0,0,High,weak_key,smtp-stream-0,SMTP,587,1,2,CERT-003|CERT-004
3,3,1,1,0,179,1024,1,0,2,3,0,0,1,1,0,1,1,9,1,1,0,0,High,weak_key,smtp-stream-0,SMTP,587,1,2,CERT-003|CERT-004
3,3,1,1,0,179,1024,1,0,2,3,0,0,1,1,0,1,1,9,1,1,0,0,High,weak_key,smtp-stream-0,SMTP,587,1,2,CERT-003|CERT-004
3,3,1,1,0,179,1024,1,0,2,3,0,0,1,1,0,1,1,9,1,1,0,0,High,weak_key,smtp-stream-0,SMTP,587,1,2,CERT-003|CERT-004
3,3,1,1,0,179,1024,1,0,2,3,0,0,1,1,0,1,1,9,1,1,0,0,High,weak_key,smtp-stream-0,SMTP,587,1,2,CERT-003|CERT-004
3,3,1,1,0,179,1024,1,0,2,3,0,0,1,1,0,1,1,9,1,1,0,0,High,weak_key,smtp-stream-0,SMTP,587,1,2,CERT-003|CERT-004
3,3,1,1,0,179,1024,1,0,2,3,0,0,1,1,0,1,1,9,1,1,0,0,High,weak_key,smtp-stream-0,SMTP,587,1,2,CERT-003|CERT-004
3,3,1,1,0,179,1024,1,0,2,3,0,0,1,1,0,1,1,9,1,1,0,0,High,weak_key,smtp-stream-0,SMTP,587,1,2,CERT-003|CERT-004
3,3,1,1,0,179,1024,1,0,2,3,0,0,1,1,0,1,1,9,1,1,0,0,High,weak_key,smtp-stream-0,SMTP,587,1,2,CERT-003|CERT-004
3,3,1,1,0,179,1024,1,0,2,3,0,0,1,1,0,1,1,9,1,1,0,0,High,weak_key,smtp-stream-0,SMTP,587,1,2,CERT-003|CERT-004
2,3,1,1,0,179,2048,1,0,2,3,0,0,1,1,0,1,1,9,1,1,0,0,High,tls11,smtp-stream-0,SMTP,587,1,2,TLS-002|CERT-003
2,3,1,1,0,179,2048,1,0,2,3,0,0,1,1,0,1,1,9,1,1,0,0,High,tls11,smtp-stream-0,SMTP,587,1,2,TLS-002|CERT-003
2,3,1,1,0,179,2048,1,0,2,3,0,0,1,1,0,1,1,9,1,1,0,0,High,tls11,smtp-stream-0,SMTP,587,1,2,TLS-002|CERT-003
2,3,1,1,0,179,2048,1,0,2,3,0,0,1,1,0,1,1,9,1,1,0,0,High,tls11,smtp-stream-0,SMTP,587,1,2,TLS-002|CERT-003
2,3,1,1,0,179,2048,1,0,2,3,0,0,1,1,0,1,1,9,1,1,0,0,High,tls11,smtp-stream-0,SMTP,587,1,2,TLS-002|CERT-003
2,3,1,1,0,179,2048,1,0,2,3,0,0,1,1,0,1,1,9,1,1,0,0,High,tls11,smtp-stream-0,SMTP,587,1,2,TLS-002|CERT-003
2,3,1,1,0,179,2048,1,0,2,3,0,0,1,1,0,1,1,9,1,1,0,0,High,tls11,smtp-stream-0,SMTP,587,1,2,TLS-002|CERT-003
2,3,1,1,0,179,2048,1,0,2,3,0,0,1,1,0,1,1,9,1,1,0,0,High,tls11,smtp-stream-0,SMTP,587,1,2,TLS-002|CERT-003
2,3,1,1,0,179,2048,1,0,2,3,0,0,1,1,0,1,1,9,1,1,0,0,High,tls11,smtp-stream-0,SMTP,587,1,2,TLS-002|CERT-003
2,3,1,1,0,179,2048,1,0,2,3,0,0,1,1,0,1,1,9,1,1,0,0,High,tls11,smtp-stream-0,SMTP,587,1,2,TLS-002|CERT-003
2,3,1,1,0,179,2048,1,0,2,3,0,0,1,1,0,1,1,9,1,1,0,0,High,tls11,smtp-stream-0,SMTP,587,1,2,TLS-002|CERT-003
2,3,1,1,0,179,2048,1,0,2,3,0,0,1,1,0,1,1,9,1,1,0,0,High,tls11,smtp-stream-0,SMTP,587,1,2,TLS-002|CERT-003
2,3,1,1,0,179,2048,1,0,2,3,0,0,1,1,0,1,1,9,1,1,0,0,High,tls11,smtp-stream-0,SMTP,587,1,2,TLS-002|CERT-003
2,3,1,1,0,179,2048,1,0,2,3,0,0,1,1,0,1,1,9,1,1,0,0,High,tls11,smtp-stream-0,SMTP,587,1,2,TLS-002|CERT-003
2,3,1,1,0,179,2048,1,0,2,3,0,0,1,1,0,1,1,9,1,1,0,0,High,tls11,smtp-stream-0,SMTP,587,1,2,TLS-002|CERT-003
2,3,1,1,0,179,2048,1,0,2,3,0,0,1,1,0,1,1,9,1,1,0,0,High,tls11,smtp-stream-0,SMTP,587,1,2,TLS-002|CERT-003
2,3,1,1,0,179,2048,1,0,2,3,0,0,1,1,0,1,1,9,1,1,0,0,High,tls11,smtp-stream-0,SMTP,587,1,2,TLS-002|CERT-003
2,3,1,1,0,179,2048,1,0,2,3,0,0,1,1,0,1,1,9,1,1,0,0,High,tls11,smtp-stream-0,SMTP,587,1,2,TLS-002|CERT-003
2,3,1,1,0,179,2048,1,0,2,3,0,0,1,1,0,1,1,9,1,1,0,0,High,tls11,smtp-stream-0,SMTP,587,1,2,TLS-002|CERT-003
2,3,1,1,0,179,2048,1,0,2,3,0,0,1,1,0,1,1,9,1,1,0,0,High,tls11,smtp-stream-0,SMTP,587,1,2,TLS-002|CERT-003
2,3,1,1,0,179,2048,1,0,2,3,0,0,1,1,0,1,1,9,1,1,0,0,High,tls11,smtp-stream-0,SMTP,587,1,2,TLS-002|CERT-003
2,3,1,1,0,179,2048,1,0,2,3,0,0,1,1,0,1,1,9,1,1,0,0,High,tls11,smtp-stream-0,SMTP,587,1,2,TLS-002|CERT-003
2,3,1,1,0,179,2048,1,0,2,3,0,0,1,1,0,1,1,9,1,1,0,0,High,tls11,smtp-stream-0,SMTP,587,1,2,TLS-002|CERT-003
2,3,1,1,0,179,2048,1,0,2,3,0,0,1,1,0,1,1,9,1,1,0,0,High,tls11,smtp-stream-0,SMTP,587,1,2,TLS-002|CERT-003
2,3,1,1,0,179,2048,1,0,2,3,0,0,1,1,0,1,1,9,1,1,0,0,High,tls11,smtp-stream-0,SMTP,587,1,2,TLS-002|CERT-003
2,3,1,1,0,179,2048,1,0,2,3,0,0,1,1,0,1,1,9,1,1,0,0,High,tls11,smtp-stream-0,SMTP,587,1,2,TLS-002|CERT-003
2,3,1,1,0,179,2048,1,0,2,3,0,0,1,1,0,1,1,9,1,1,0,0,High,tls11,smtp-stream-0,SMTP,587,1,2,TLS-002|CERT-003
2,3,1,1,0,179,2048,1,0,2,3,0,0,1,1,0,1,1,9,1,1,0,0,High,tls11,smtp-stream-0,SMTP,587,1,2,TLS-002|CERT-003
2,3,1,1,0,179,2048,1,0,2,3,0,0,1,1,0,1,1,9,1,1,0,0,High,tls11,smtp-stream-0,SMTP,587,1,2,TLS-002|CERT-003
2,3,1,1,0,179,2048,1,0,2,3,0,0,1,1,0,1,1,9,1,1,0,0,High,tls11,smtp-stream-0,SMTP,587,1,2,TLS-002|CERT-003
2,3,1,1,0,179,2048,1,0,2,3,0,0,1,1,0,1,1,9,1,1,0,0,High,tls11,smtp-stream-0,SMTP,587,1,2,TLS-002|CERT-003
2,3,1,1,0,179,2048,1,0,2,3,0,0,1,1,0,1,1,9,1,1,0,0,High,tls11,smtp-stream-0,SMTP,587,1,2,TLS-002|CERT-003
2,3,1,1,0,179,2048,1,0,2,3,0,0,1,1,0,1,1,9,1,1,0,0,High,tls11,smtp-stream-0,SMTP,587,1,2,TLS-002|CERT-003
2,3,1,1,0,179,2048,1,0,2,3,0,0,1,1,0,1,1,9,1,1,0,0,High,tls11,smtp-stream-0,SMTP,587,1,2,TLS-002|CERT-003
2,3,1,1,0,179,2048,1,0,2,3,0,0,1,1,0,1,1,9,1,1,0,0,High,tls11,smtp-stream-0,SMTP,587,1,2,TLS-002|CERT-003
2,3,1,1,0,179,2048,1,0,2,3,0,0,1,1,0,1,1,9,1,1,0,0,High,tls11,smtp-stream-0,SMTP,587,1,2,TLS-002|CERT-003
2,3,1,1,0,179,2048,1,0,2,3,0,0,1,1,0,1,1,9,1,1,0,0,High,tls11,smtp-stream-0,SMTP,587,1,2,TLS-002|CERT-003
2,3,1,1,0,179,2048,1,0,2,3,0,0,1,1,0,1,1,9,1,1,0,0,High,tls11,smtp-stream-0,SMTP,587,1,2,TLS-002|CERT-003
2,3,1,1,0,179,2048,1,0,2,3,0,0,1,1,0,1,1,9,1,1,0,0,High,tls11,smtp-stream-0,SMTP,587,1,2,TLS-002|CERT-003
2,3,1,1,0,179,2048,1,0,2,3,0,0,1,1,0,1,1,9,1,1,0,0,High,tls11,smtp-stream-0,SMTP,587,1,2,TLS-002|CERT-003
2,3,1,1,0,179,2048,1,0,2,3,0,0,1,1,0,1,1,9,1,1,0,0,High,tls11,smtp-stream-0,SMTP,587,1,2,TLS-002|CERT-003
2,3,1,1,0,179,2048,1,0,2,3,0,0,1,1,0,1,1,9,1,1,0,0,High,tls11,smtp-stream-0,SMTP,587,1,2,TLS-002|CERT-003
2,3,1,1,0,179,2048,1,0,2,3,0,0,1,1,0,1,1,9,1,1,0,0,High,tls11,smtp-stream-0,SMTP,587,1,2,TLS-002|CERT-003
2,3,1,1,0,179,2048,1,0,2,3,0,0,1,1,0,1,1,9,1,1,0,0,High,tls11,smtp-stream-0,SMTP,587,1,2,TLS-002|CERT-003
2,3,1,1,0,179,2048,1,0,2,3,0,0,1,1,0,1,1,9,1,1,0,0,High,tls11,smtp-stream-0,SMTP,587,1,2,TLS-002|CERT-003
2,3,1,1,0,179,2048,1,0,2,3,0,0,1,1,0,1,1,9,1,1,0,0,High,tls11,smtp-stream-0,SMTP,587,1,2,TLS-002|CERT-003
2,3,1,1,0,179,2048,1,0,2,3,0,0,1,1,0,1,1,9,1,1,0,0,High,tls11,smtp-stream-0,SMTP,587,1,2,TLS-002|CERT-003
2,3,1,1,0,179,2048,1,0,2,3,0,0,1,1,0,1,1,9,1,1,0,0,High,tls11,smtp-stream-0,SMTP,587,1,2,TLS-002|CERT-003
2,3,1,1,0,179,2048,1,0,2,3,0,0,1,1,0,1,1,9,1,1,0,0,High,tls11,smtp-stream-0,SMTP,587,1,2,TLS-002|CERT-003
2,3,1,1,0,179,2048,1,0,2,3,0,0,1,1,0,1,1,9,1,1,0,0,High,tls11,smtp-stream-0,SMTP,587,1,2,TLS-002|CERT-003
4,3,1,1,0,0,0,0,0,0,0,1,0,0,1,0,1,1,5,0,-1,1,0,Low,imap_hardened,imap-stream-0,IMAP,143,0,0,
4,3,1,1,0,0,0,0,0,0,0,1,0,0,1,0,1,1,5,0,-1,1,0,Low,imap_hardened,imap-stream-0,IMAP,143,0,0,
4,3,1,1,0,0,0,0,0,0,0,1,0,0,1,0,1,1,5,0,-1,1,0,Low,imap_hardened,imap-stream-0,IMAP,143,0,0,
4,3,1,1,0,0,0,0,0,0,0,1,0,0,1,0,1,1,5,0,-1,1,0,Low,imap_hardened,imap-stream-0,IMAP,143,0,0,
4,3,1,1,0,0,0,0,0,0,0,1,0,0,1,0,1,1,5,0,-1,1,0,Low,imap_hardened,imap-stream-0,IMAP,143,0,0,
4,3,1,1,0,0,0,0,0,0,0,1,0,0,1,0,1,1,5,0,-1,1,0,Low,imap_hardened,imap-stream-0,IMAP,143,0,0,
4,3,1,1,0,0,0,0,0,0,0,1,0,0,1,0,1,1,5,0,-1,1,0,Low,imap_hardened,imap-stream-0,IMAP,143,0,0,
4,3,1,1,0,0,0,0,0,0,0,1,0,0,1,0,1,1,5,0,-1,1,0,Low,imap_hardened,imap-stream-0,IMAP,143,0,0,
4,3,1,1,0,0,0,0,0,0,0,1,0,0,1,0,1,1,5,0,-1,1,0,Low,imap_hardened,imap-stream-0,IMAP,143,0,0,
4,3,1,1,0,0,0,0,0,0,0,1,0,0,1,0,1,1,5,0,-1,1,0,Low,imap_hardened,imap-stream-0,IMAP,143,0,0,
4,3,1,1,0,0,0,0,0,0,0,1,0,0,1,0,1,1,5,0,-1,1,0,Low,imap_hardened,imap-stream-0,IMAP,143,0,0,
4,3,1,1,0,0,0,0,0,0,0,1,0,0,1,0,1,1,5,0,-1,1,0,Low,imap_hardened,imap-stream-0,IMAP,143,0,0,
4,3,1,1,0,0,0,0,0,0,0,1,0,0,1,0,1,1,5,0,-1,1,0,Low,imap_hardened,imap-stream-0,IMAP,143,0,0,
4,3,1,1,0,0,0,0,0,0,0,1,0,0,1,0,1,1,5,0,-1,1,0,Low,imap_hardened,imap-stream-0,IMAP,143,0,0,
4,3,1,1,0,0,0,0,0,0,0,1,0,0,1,0,1,1,5,0,-1,1,0,Low,imap_hardened,imap-stream-0,IMAP,143,0,0,
4,3,1,1,0,0,0,0,0,0,0,1,0,0,1,0,1,1,5,0,-1,1,0,Low,imap_hardened,imap-stream-0,IMAP,143,0,0,
4,3,1,1,0,0,0,0,0,0,0,1,0,0,1,0,1,1,5,0,-1,1,0,Low,imap_hardened,imap-stream-0,IMAP,143,0,0,
4,3,1,1,0,0,0,0,0,0,0,1,0,0,1,0,1,1,5,0,-1,1,0,Low,imap_hardened,imap-stream-0,IMAP,143,0,0,
4,3,1,1,0,0,0,0,0,0,0,1,0,0,1,0,1,1,5,0,-1,1,0,Low,imap_hardened,imap-stream-0,IMAP,143,0,0,
4,3,1,1,0,0,0,0,0,0,0,1,0,0,1,0,1,1,5,0,-1,1,0,Low,imap_hardened,imap-stream-0,IMAP,143,0,0,
4,3,1,1,0,0,0,0,0,0,0,1,0,0,1,0,1,1,5,0,-1,1,0,Low,imap_hardened,imap-stream-0,IMAP,143,0,0,
4,3,1,1,0,0,0,0,0,0,0,1,0,0,1,0,1,1,5,0,-1,1,0,Low,imap_hardened,imap-stream-0,IMAP,143,0,0,
4,3,1,1,0,0,0,0,0,0,0,1,0,0,1,0,1,1,5,0,-1,1,0,Low,imap_hardened,imap-stream-0,IMAP,143,0,0,
4,3,1,1,0,0,0,0,0,0,0,1,0,0,1,0,1,1,5,0,-1,1,0,Low,imap_hardened,imap-stream-0,IMAP,143,0,0,
4,3,1,1,0,0,0,0,0,0,0,1,0,0,1,0,1,1,5,0,-1,1,0,Low,imap_hardened,imap-stream-0,IMAP,143,0,0,
4,3,1,1,0,0,0,0,0,0,0,1,0,0,1,0,1,1,5,0,-1,1,0,Low,imap_hardened,imap-stream-0,IMAP,143,0,0,
4,3,1,1,0,0,0,0,0,0,0,1,0,0,1,0,1,1,5,0,-1,1,0,Low,imap_hardened,imap-stream-0,IMAP,143,0,0,
4,3,1,1,0,0,0,0,0,0,0,1,0,0,1,0,1,1,5,0,-1,1,0,Low,imap_hardened,imap-stream-0,IMAP,143,0,0,
4,3,1,1,0,0,0,0,0,0,0,1,0,0,1,0,1,1,5,0,-1,1,0,Low,imap_hardened,imap-stream-0,IMAP,143,0,0,
4,3,1,1,0,0,0,0,0,0,0,1,0,0,1,0,1,1,5,0,-1,1,0,Low,imap_hardened,imap-stream-0,IMAP,143,0,0,
4,3,1,1,0,0,0,0,0,0,0,1,0,0,1,0,1,1,5,0,-1,1,0,Low,imap_hardened,imap-stream-0,IMAP,143,0,0,
4,3,1,1,0,0,0,0,0,0,0,1,0,0,1,0,1,1,5,0,-1,1,0,Low,imap_hardened,imap-stream-0,IMAP,143,0,0,
4,3,1,1,0,0,0,0,0,0,0,1,0,0,1,0,1,1,5,0,-1,1,0,Low,imap_hardened,imap-stream-0,IMAP,143,0,0,
4,3,1,1,0,0,0,0,0,0,0,1,0,0,1,0,1,1,5,0,-1,1,0,Low,imap_hardened,imap-stream-0,IMAP,143,0,0,
4,3,1,1,0,0,0,0,0,0,0,1,0,0,1,0,1,1,5,0,-1,1,0,Low,imap_hardened,imap-stream-0,IMAP,143,0,0,
4,3,1,1,0,0,0,0,0,0,0,1,0,0,1,0,1,1,5,0,-1,1,0,Low,imap_hardened,imap-stream-0,IMAP,143,0,0,
4,3,1,1,0,0,0,0,0,0,0,1,0,0,1,0,1,1,5,0,-1,1,0,Low,imap_hardened,imap-stream-0,IMAP,143,0,0,
4,3,1,1,0,0,0,0,0,0,0,1,0,0,1,0,1,1,5,0,-1,1,0,Low,imap_hardened,imap-stream-0,IMAP,143,0,0,
4,3,1,1,0,0,0,0,0,0,0,1,0,0,1,0,1,1,5,0,-1,1,0,Low,imap_hardened,imap-stream-0,IMAP,143,0,0,
4,3,1,1,0,0,0,0,0,0,0,1,0,0,1,0,1,1,5,0,-1,1,0,Low,imap_hardened,imap-stream-0,IMAP,143,0,0,
4,3,1,1,0,0,0,0,0,0,0,1,0,0,1,0,1,1,5,0,-1,1,0,Low,imap_hardened,imap-stream-0,IMAP,143,0,0,
4,3,1,1,0,0,0,0,0,0,0,1,0,0,1,0,1,1,5,0,-1,1,0,Low,imap_hardened,imap-stream-0,IMAP,143,0,0,
4,3,1,1,0,0,0,0,0,0,0,1,0,0,1,0,1,1,5,0,-1,1,0,Low,imap_hardened,imap-stream-0,IMAP,143,0,0,
4,3,1,1,0,0,0,0,0,0,0,1,0,0,1,0,1,1,5,0,-1,1,0,Low,imap_hardened,imap-stream-0,IMAP,143,0,0,
4,3,1,1,0,0,0,0,0,0,0,1,0,0,1,0,1,1,5,0,-1,1,0,Low,imap_hardened,imap-stream-0,IMAP,143,0,0,
4,3,1,1,0,0,0,0,0,0,0,1,0,0,1,0,1,1,5,0,-1,1,0,Low,imap_hardened,imap-stream-0,IMAP,143,0,0,
4,3,1,1,0,0,0,0,0,0,0,1,0,0,1,0,1,1,5,0,-1,1,0,Low,imap_hardened,imap-stream-0,IMAP,143,0,0,
4,3,1,1,0,0,0,0,0,0,0,1,0,0,1,0,1,1,5,0,-1,1,0,Low,imap_hardened,imap-stream-0,IMAP,143,0,0,
4,3,1,1,0,0,0,0,0,0,0,1,0,0,1,0,1,1,5,0,-1,1,0,Low,imap_hardened,imap-stream-0,IMAP,143,0,0,
4,3,1,1,0,0,0,0,0,0,0,1,0,0,1,0,1,1,5,0,-1,1,0,Low,imap_hardened,imap-stream-0,IMAP,143,0,0,
4,3,1,1,0,0,0,0,0,0,0,2,0,0,1,0,1,1,5,0,-1,1,0,Low,pop3_hardened,pop3-stream-0,POP3,110,0,0,
4,3,1,1,0,0,0,0,0,0,0,2,0,0,1,0,1,1,5,0,-1,1,0,Low,pop3_hardened,pop3-stream-0,POP3,110,0,0,
4,3,1,1,0,0,0,0,0,0,0,2,0,0,1,0,1,1,5,0,-1,1,0,Low,pop3_hardened,pop3-stream-0,POP3,110,0,0,
4,3,1,1,0,0,0,0,0,0,0,2,0,0,1,0,1,1,5,0,-1,1,0,Low,pop3_hardened,pop3-stream-0,POP3,110,0,0,
4,3,1,1,0,0,0,0,0,0,0,2,0,0,1,0,1,1,5,0,-1,1,0,Low,pop3_hardened,pop3-stream-0,POP3,110,0,0,
4,3,1,1,0,0,0,0,0,0,0,2,0,0,1,0,1,1,5,0,-1,1,0,Low,pop3_hardened,pop3-stream-0,POP3,110,0,0,
4,3,1,1,0,0,0,0,0,0,0,2,0,0,1,0,1,1,5,0,-1,1,0,Low,pop3_hardened,pop3-stream-0,POP3,110,0,0,
4,3,1,1,0,0,0,0,0,0,0,2,0,0,1,0,1,1,5,0,-1,1,0,Low,pop3_hardened,pop3-stream-0,POP3,110,0,0,
4,3,1,1,0,0,0,0,0,0,0,2,0,0,1,0,1,1,5,0,-1,1,0,Low,pop3_hardened,pop3-stream-0,POP3,110,0,0,
4,3,1,1,0,0,0,0,0,0,0,2,0,0,1,0,1,1,5,0,-1,1,0,Low,pop3_hardened,pop3-stream-0,POP3,110,0,0,
4,3,1,1,0,0,0,0,0,0,0,2,0,0,1,0,1,1,5,0,-1,1,0,Low,pop3_hardened,pop3-stream-0,POP3,110,0,0,
4,3,1,1,0,0,0,0,0,0,0,2,0,0,1,0,1,1,5,0,-1,1,0,Low,pop3_hardened,pop3-stream-0,POP3,110,0,0,
4,3,1,1,0,0,0,0,0,0,0,2,0,0,1,0,1,1,5,0,-1,1,0,Low,pop3_hardened,pop3-stream-0,POP3,110,0,0,
4,3,1,1,0,0,0,0,0,0,0,2,0,0,1,0,1,1,5,0,-1,1,0,Low,pop3_hardened,pop3-stream-0,POP3,110,0,0,
4,3,1,1,0,0,0,0,0,0,0,2,0,0,1,0,1,1,5,0,-1,1,0,Low,pop3_hardened,pop3-stream-0,POP3,110,0,0,
4,3,1,1,0,0,0,0,0,0,0,2,0,0,1,0,1,1,5,0,-1,1,0,Low,pop3_hardened,pop3-stream-0,POP3,110,0,0,
4,3,1,1,0,0,0,0,0,0,0,2,0,0,1,0,1,1,5,0,-1,1,0,Low,pop3_hardened,pop3-stream-0,POP3,110,0,0,
4,3,1,1,0,0,0,0,0,0,0,2,0,0,1,0,1,1,5,0,-1,1,0,Low,pop3_hardened,pop3-stream-0,POP3,110,0,0,
4,3,1,1,0,0,0,0,0,0,0,2,0,0,1,0,1,1,5,0,-1,1,0,Low,pop3_hardened,pop3-stream-0,POP3,110,0,0,
4,3,1,1,0,0,0,0,0,0,0,2,0,0,1,0,1,1,5,0,-1,1,0,Low,pop3_hardened,pop3-stream-0,POP3,110,0,0,
4,3,1,1,0,0,0,0,0,0,0,2,0,0,1,0,1,1,5,0,-1,1,0,Low,pop3_hardened,pop3-stream-0,POP3,110,0,0,
4,3,1,1,0,0,0,0,0,0,0,2,0,0,1,0,1,1,5,0,-1,1,0,Low,pop3_hardened,pop3-stream-0,POP3,110,0,0,
4,3,1,1,0,0,0,0,0,0,0,2,0,0,1,0,1,1,5,0,-1,1,0,Low,pop3_hardened,pop3-stream-0,POP3,110,0,0,
4,3,1,1,0,0,0,0,0,0,0,2,0,0,1,0,1,1,5,0,-1,1,0,Low,pop3_hardened,pop3-stream-0,POP3,110,0,0,
4,3,1,1,0,0,0,0,0,0,0,2,0,0,1,0,1,1,5,0,-1,1,0,Low,pop3_hardened,pop3-stream-0,POP3,110,0,0,
4,3,1,1,0,0,0,0,0,0,0,2,0,0,1,0,1,1,5,0,-1,1,0,Low,pop3_hardened,pop3-stream-0,POP3,110,0,0,
4,3,1,1,0,0,0,0,0,0,0,2,0,0,1,0,1,1,5,0,-1,1,0,Low,pop3_hardened,pop3-stream-0,POP3,110,0,0,
4,3,1,1,0,0,0,0,0,0,0,2,0,0,1,0,1,1,5,0,-1,1,0,Low,pop3_hardened,pop3-stream-0,POP3,110,0,0,
4,3,1,1,0,0,0,0,0,0,0,2,0,0,1,0,1,1,5,0,-1,1,0,Low,pop3_hardened,pop3-stream-0,POP3,110,0,0,
4,3,1,1,0,0,0,0,0,0,0,2,0,0,1,0,1,1,5,0,-1,1,0,Low,pop3_hardened,pop3-stream-0,POP3,110,0,0,
4,3,1,1,0,0,0,0,0,0,0,2,0,0,1,0,1,1,5,0,-1,1,0,Low,pop3_hardened,pop3-stream-0,POP3,110,0,0,
4,3,1,1,0,0,0,0,0,0,0,2,0,0,1,0,1,1,5,0,-1,1,0,Low,pop3_hardened,pop3-stream-0,POP3,110,0,0,
4,3,1,1,0,0,0,0,0,0,0,2,0,0,1,0,1,1,5,0,-1,1,0,Low,pop3_hardened,pop3-stream-0,POP3,110,0,0,
4,3,1,1,0,0,0,0,0,0,0,2,0,0,1,0,1,1,5,0,-1,1,0,Low,pop3_hardened,pop3-stream-0,POP3,110,0,0,
4,3,1,1,0,0,0,0,0,0,0,2,0,0,1,0,1,1,5,0,-1,1,0,Low,pop3_hardened,pop3-stream-0,POP3,110,0,0,
4,3,1,1,0,0,0,0,0,0,0,2,0,0,1,0,1,1,5,0,-1,1,0,Low,pop3_hardened,pop3-stream-0,POP3,110,0,0,
4,3,1,1,0,0,0,0,0,0,0,2,0,0,1,0,1,1,5,0,-1,1,0,Low,pop3_hardened,pop3-stream-0,POP3,110,0,0,
4,3,1,1,0,0,0,0,0,0,0,2,0,0,1,0,1,1,5,0,-1,1,0,Low,pop3_hardened,pop3-stream-0,POP3,110,0,0,
4,3,1,1,0,0,0,0,0,0,0,2,0,0,1,0,1,1,5,0,-1,1,0,Low,pop3_hardened,pop3-stream-0,POP3,110,0,0,
4,3,1,1,0,0,0,0,0,0,0,2,0,0,1,0,1,1,5,0,-1,1,0,Low,pop3_hardened,pop3-stream-0,POP3,110,0,0,
4,3,1,1,0,0,0,0,0,0,0,2,0,0,1,0,1,1,5,0,-1,1,0,Low,pop3_hardened,pop3-stream-0,POP3,110,0,0,
4,3,1,1,0,0,0,0,0,0,0,2,0,0,1,0,1,1,5,0,-1,1,0,Low,pop3_hardened,pop3-stream-0,POP3,110,0,0,
4,3,1,1,0,0,0,0,0,0,0,2,0,0,1,0,1,1,5,0,-1,1,0,Low,pop3_hardened,pop3-stream-0,POP3,110,0,0,
4,3,1,1,0,0,0,0,0,0,0,2,0,0,1,0,1,1,5,0,-1,1,0,Low,pop3_hardened,pop3-stream-0,POP3,110,0,0,
4,3,1,1,0,0,0,0,0,0,0,2,0,0,1,0,1,1,5,0,-1,1,0,Low,pop3_hardened,pop3-stream-0,POP3,110,0,0,
4,3,1,1,0,0,0,0,0,0,0,2,0,0,1,0,1,1,5,0,-1,1,0,Low,pop3_hardened,pop3-stream-0,POP3,110,0,0,
4,3,1,1,0,0,0,0,0,0,0,2,0,0,1,0,1,1,5,0,-1,1,0,Low,pop3_hardened,pop3-stream-0,POP3,110,0,0,
4,3,1,1,0,0,0,0,0,0,0,2,0,0,1,0,1,1,5,0,-1,1,0,Low,pop3_hardened,pop3-stream-0,POP3,110,0,0,
4,3,1,1,0,0,0,0,0,0,0,2,0,0,1,0,1,1,5,0,-1,1,0,Low,pop3_hardened,pop3-stream-0,POP3,110,0,0,
4,3,1,1,0,0,0,0,0,0,0,2,0,0,1,0,1,1,5,0,-1,1,0,Low,pop3_hardened,pop3-stream-0,POP3,110,0,0,
-1,0,0,0,1,0,0,0,0,1,4,1,0,0,0,0,0,1,4,0,-1,1,0,Critical,imap_cleartext,imap-stream-0,IMAP,143,1,1,AUTH-001
-1,0,0,0,1,0,0,0,0,1,4,1,0,0,0,0,0,1,4,0,-1,1,0,Critical,imap_cleartext,imap-stream-0,IMAP,143,1,1,AUTH-001
-1,0,0,0,1,0,0,0,0,1,4,1,0,0,0,0,0,1,4,0,-1,1,0,Critical,imap_cleartext,imap-stream-0,IMAP,143,1,1,AUTH-001
-1,0,0,0,1,0,0,0,0,1,4,1,0,0,0,0,0,1,4,0,-1,1,0,Critical,imap_cleartext,imap-stream-0,IMAP,143,1,1,AUTH-001
-1,0,0,0,1,0,0,0,0,1,4,1,0,0,0,0,0,1,4,0,-1,1,0,Critical,imap_cleartext,imap-stream-0,IMAP,143,1,1,AUTH-001
-1,0,0,0,1,0,0,0,0,1,4,1,0,0,0,0,0,1,4,0,-1,1,0,Critical,imap_cleartext,imap-stream-0,IMAP,143,1,1,AUTH-001
-1,0,0,0,1,0,0,0,0,1,4,1,0,0,0,0,0,1,4,0,-1,1,0,Critical,imap_cleartext,imap-stream-0,IMAP,143,1,1,AUTH-001
-1,0,0,0,1,0,0,0,0,1,4,1,0,0,0,0,0,1,4,0,-1,1,0,Critical,imap_cleartext,imap-stream-0,IMAP,143,1,1,AUTH-001
-1,0,0,0,1,0,0,0,0,1,4,1,0,0,0,0,0,1,4,0,-1,1,0,Critical,imap_cleartext,imap-stream-0,IMAP,143,1,1,AUTH-001
-1,0,0,0,1,0,0,0,0,1,4,1,0,0,0,0,0,1,4,0,-1,1,0,Critical,imap_cleartext,imap-stream-0,IMAP,143,1,1,AUTH-001
-1,0,0,0,1,0,0,0,0,1,4,1,0,0,0,0,0,1,4,0,-1,1,0,Critical,imap_cleartext,imap-stream-0,IMAP,143,1,1,AUTH-001
-1,0,0,0,1,0,0,0,0,1,4,1,0,0,0,0,0,1,4,0,-1,1,0,Critical,imap_cleartext,imap-stream-0,IMAP,143,1,1,AUTH-001
-1,0,0,0,1,0,0,0,0,1,4,1,0,0,0,0,0,1,4,0,-1,1,0,Critical,imap_cleartext,imap-stream-0,IMAP,143,1,1,AUTH-001
-1,0,0,0,1,0,0,0,0,1,4,1,0,0,0,0,0,1,4,0,-1,1,0,Critical,imap_cleartext,imap-stream-0,IMAP,143,1,1,AUTH-001
-1,0,0,0,1,0,0,0,0,1,4,1,0,0,0,0,0,1,4,0,-1,1,0,Critical,imap_cleartext,imap-stream-0,IMAP,143,1,1,AUTH-001
-1,0,0,0,1,0,0,0,0,1,4,1,0,0,0,0,0,1,4,0,-1,1,0,Critical,imap_cleartext,imap-stream-0,IMAP,143,1,1,AUTH-001
-1,0,0,0,1,0,0,0,0,1,4,1,0,0,0,0,0,1,4,0,-1,1,0,Critical,imap_cleartext,imap-stream-0,IMAP,143,1,1,AUTH-001
-1,0,0,0,1,0,0,0,0,1,4,1,0,0,0,0,0,1,4,0,-1,1,0,Critical,imap_cleartext,imap-stream-0,IMAP,143,1,1,AUTH-001
-1,0,0,0,1,0,0,0,0,1,4,1,0,0,0,0,0,1,4,0,-1,1,0,Critical,imap_cleartext,imap-stream-0,IMAP,143,1,1,AUTH-001
-1,0,0,0,1,0,0,0,0,1,4,1,0,0,0,0,0,1,4,0,-1,1,0,Critical,imap_cleartext,imap-stream-0,IMAP,143,1,1,AUTH-001
-1,0,0,0,1,0,0,0,0,1,4,1,0,0,0,0,0,1,4,0,-1,1,0,Critical,imap_cleartext,imap-stream-0,IMAP,143,1,1,AUTH-001
-1,0,0,0,1,0,0,0,0,1,4,1,0,0,0,0,0,1,4,0,-1,1,0,Critical,imap_cleartext,imap-stream-0,IMAP,143,1,1,AUTH-001
-1,0,0,0,1,0,0,0,0,1,4,1,0,0,0,0,0,1,4,0,-1,1,0,Critical,imap_cleartext,imap-stream-0,IMAP,143,1,1,AUTH-001
-1,0,0,0,1,0,0,0,0,1,4,1,0,0,0,0,0,1,4,0,-1,1,0,Critical,imap_cleartext,imap-stream-0,IMAP,143,1,1,AUTH-001
-1,0,0,0,1,0,0,0,0,1,4,1,0,0,0,0,0,1,4,0,-1,1,0,Critical,imap_cleartext,imap-stream-0,IMAP,143,1,1,AUTH-001
-1,0,0,0,1,0,0,0,0,1,4,1,0,0,0,0,0,1,4,0,-1,1,0,Critical,imap_cleartext,imap-stream-0,IMAP,143,1,1,AUTH-001
-1,0,0,0,1,0,0,0,0,1,4,1,0,0,0,0,0,1,4,0,-1,1,0,Critical,imap_cleartext,imap-stream-0,IMAP,143,1,1,AUTH-001
-1,0,0,0,1,0,0,0,0,1,4,1,0,0,0,0,0,1,4,0,-1,1,0,Critical,imap_cleartext,imap-stream-0,IMAP,143,1,1,AUTH-001
-1,0,0,0,1,0,0,0,0,1,4,1,0,0,0,0,0,1,4,0,-1,1,0,Critical,imap_cleartext,imap-stream-0,IMAP,143,1,1,AUTH-001
-1,0,0,0,1,0,0,0,0,1,4,1,0,0,0,0,0,1,4,0,-1,1,0,Critical,imap_cleartext,imap-stream-0,IMAP,143,1,1,AUTH-001
-1,0,0,0,1,0,0,0,0,1,4,1,0,0,0,0,0,1,4,0,-1,1,0,Critical,imap_cleartext,imap-stream-0,IMAP,143,1,1,AUTH-001
-1,0,0,0,1,0,0,0,0,1,4,1,0,0,0,0,0,1,4,0,-1,1,0,Critical,imap_cleartext,imap-stream-0,IMAP,143,1,1,AUTH-001
-1,0,0,0,1,0,0,0,0,1,4,1,0,0,0,0,0,1,4,0,-1,1,0,Critical,imap_cleartext,imap-stream-0,IMAP,143,1,1,AUTH-001
-1,0,0,0,1,0,0,0,0,1,4,1,0,0,0,0,0,1,4,0,-1,1,0,Critical,imap_cleartext,imap-stream-0,IMAP,143,1,1,AUTH-001
-1,0,0,0,1,0,0,0,0,1,4,1,0,0,0,0,0,1,4,0,-1,1,0,Critical,imap_cleartext,imap-stream-0,IMAP,143,1,1,AUTH-001
-1,0,0,0,1,0,0,0,0,1,4,1,0,0,0,0,0,1,4,0,-1,1,0,Critical,imap_cleartext,imap-stream-0,IMAP,143,1,1,AUTH-001
-1,0,0,0,1,0,0,0,0,1,4,1,0,0,0,0,0,1,4,0,-1,1,0,Critical,imap_cleartext,imap-stream-0,IMAP,143,1,1,AUTH-001
-1,0,0,0,1,0,0,0,0,1,4,1,0,0,0,0,0,1,4,0,-1,1,0,Critical,imap_cleartext,imap-stream-0,IMAP,143,1,1,AUTH-001
-1,0,0,0,1,0,0,0,0,1,4,1,0,0,0,0,0,1,4,0,-1,1,0,Critical,imap_cleartext,imap-stream-0,IMAP,143,1,1,AUTH-001
-1,0,0,0,1,0,0,0,0,1,4,1,0,0,0,0,0,1,4,0,-1,1,0,Critical,imap_cleartext,imap-stream-0,IMAP,143,1,1,AUTH-001
-1,0,0,0,1,0,0,0,0,1,4,1,0,0,0,0,0,1,4,0,-1,1,0,Critical,imap_cleartext,imap-stream-0,IMAP,143,1,1,AUTH-001
-1,0,0,0,1,0,0,0,0,1,4,1,0,0,0,0,0,1,4,0,-1,1,0,Critical,imap_cleartext,imap-stream-0,IMAP,143,1,1,AUTH-001
-1,0,0,0,1,0,0,0,0,1,4,1,0,0,0,0,0,1,4,0,-1,1,0,Critical,imap_cleartext,imap-stream-0,IMAP,143,1,1,AUTH-001
-1,0,0,0,1,0,0,0,0,1,4,1,0,0,0,0,0,1,4,0,-1,1,0,Critical,imap_cleartext,imap-stream-0,IMAP,143,1,1,AUTH-001
-1,0,0,0,1,0,0,0,0,1,4,1,0,0,0,0,0,1,4,0,-1,1,0,Critical,imap_cleartext,imap-stream-0,IMAP,143,1,1,AUTH-001
-1,0,0,0,1,0,0,0,0,1,4,1,0,0,0,0,0,1,4,0,-1,1,0,Critical,imap_cleartext,imap-stream-0,IMAP,143,1,1,AUTH-001
-1,0,0,0,1,0,0,0,0,1,4,1,0,0,0,0,0,1,4,0,-1,1,0,Critical,imap_cleartext,imap-stream-0,IMAP,143,1,1,AUTH-001
-1,0,0,0,1,0,0,0,0,1,4,1,0,0,0,0,0,1,4,0,-1,1,0,Critical,imap_cleartext,imap-stream-0,IMAP,143,1,1,AUTH-001
-1,0,0,0,1,0,0,0,0,1,4,1,0,0,0,0,0,1,4,0,-1,1,0,Critical,imap_cleartext,imap-stream-0,IMAP,143,1,1,AUTH-001
-1,0,0,0,1,0,0,0,0,1,4,1,0,0,0,0,0,1,4,0,-1,1,0,Critical,imap_cleartext,imap-stream-0,IMAP,143,1,1,AUTH-001
-1,0,0,0,1,0,0,0,0,1,4,2,0,0,0,0,0,1,6,0,-1,1,0,Critical,pop3_cleartext,pop3-stream-0,POP3,110,1,1,AUTH-001
-1,0,0,0,1,0,0,0,0,1,4,2,0,0,0,0,0,1,6,0,-1,1,0,Critical,pop3_cleartext,pop3-stream-0,POP3,110,1,1,AUTH-001
-1,0,0,0,1,0,0,0,0,1,4,2,0,0,0,0,0,1,6,0,-1,1,0,Critical,pop3_cleartext,pop3-stream-0,POP3,110,1,1,AUTH-001
-1,0,0,0,1,0,0,0,0,1,4,2,0,0,0,0,0,1,6,0,-1,1,0,Critical,pop3_cleartext,pop3-stream-0,POP3,110,1,1,AUTH-001
-1,0,0,0,1,0,0,0,0,1,4,2,0,0,0,0,0,1,6,0,-1,1,0,Critical,pop3_cleartext,pop3-stream-0,POP3,110,1,1,AUTH-001
-1,0,0,0,1,0,0,0,0,1,4,2,0,0,0,0,0,1,6,0,-1,1,0,Critical,pop3_cleartext,pop3-stream-0,POP3,110,1,1,AUTH-001
-1,0,0,0,1,0,0,0,0,1,4,2,0,0,0,0,0,1,6,0,-1,1,0,Critical,pop3_cleartext,pop3-stream-0,POP3,110,1,1,AUTH-001
-1,0,0,0,1,0,0,0,0,1,4,2,0,0,0,0,0,1,6,0,-1,1,0,Critical,pop3_cleartext,pop3-stream-0,POP3,110,1,1,AUTH-001
-1,0,0,0,1,0,0,0,0,1,4,2,0,0,0,0,0,1,6,0,-1,1,0,Critical,pop3_cleartext,pop3-stream-0,POP3,110,1,1,AUTH-001
-1,0,0,0,1,0,0,0,0,1,4,2,0,0,0,0,0,1,6,0,-1,1,0,Critical,pop3_cleartext,pop3-stream-0,POP3,110,1,1,AUTH-001
-1,0,0,0,1,0,0,0,0,1,4,2,0,0,0,0,0,1,6,0,-1,1,0,Critical,pop3_cleartext,pop3-stream-0,POP3,110,1,1,AUTH-001
-1,0,0,0,1,0,0,0,0,1,4,2,0,0,0,0,0,1,6,0,-1,1,0,Critical,pop3_cleartext,pop3-stream-0,POP3,110,1,1,AUTH-001
-1,0,0,0,1,0,0,0,0,1,4,2,0,0,0,0,0,1,6,0,-1,1,0,Critical,pop3_cleartext,pop3-stream-0,POP3,110,1,1,AUTH-001
-1,0,0,0,1,0,0,0,0,1,4,2,0,0,0,0,0,1,6,0,-1,1,0,Critical,pop3_cleartext,pop3-stream-0,POP3,110,1,1,AUTH-001
-1,0,0,0,1,0,0,0,0,1,4,2,0,0,0,0,0,1,6,0,-1,1,0,Critical,pop3_cleartext,pop3-stream-0,POP3,110,1,1,AUTH-001
-1,0,0,0,1,0,0,0,0,1,4,2,0,0,0,0,0,1,6,0,-1,1,0,Critical,pop3_cleartext,pop3-stream-0,POP3,110,1,1,AUTH-001
-1,0,0,0,1,0,0,0,0,1,4,2,0,0,0,0,0,1,6,0,-1,1,0,Critical,pop3_cleartext,pop3-stream-0,POP3,110,1,1,AUTH-001
-1,0,0,0,1,0,0,0,0,1,4,2,0,0,0,0,0,1,6,0,-1,1,0,Critical,pop3_cleartext,pop3-stream-0,POP3,110,1,1,AUTH-001
-1,0,0,0,1,0,0,0,0,1,4,2,0,0,0,0,0,1,6,0,-1,1,0,Critical,pop3_cleartext,pop3-stream-0,POP3,110,1,1,AUTH-001
-1,0,0,0,1,0,0,0,0,1,4,2,0,0,0,0,0,1,6,0,-1,1,0,Critical,pop3_cleartext,pop3-stream-0,POP3,110,1,1,AUTH-001
-1,0,0,0,1,0,0,0,0,1,4,2,0,0,0,0,0,1,6,0,-1,1,0,Critical,pop3_cleartext,pop3-stream-0,POP3,110,1,1,AUTH-001
-1,0,0,0,1,0,0,0,0,1,4,2,0,0,0,0,0,1,6,0,-1,1,0,Critical,pop3_cleartext,pop3-stream-0,POP3,110,1,1,AUTH-001
-1,0,0,0,1,0,0,0,0,1,4,2,0,0,0,0,0,1,6,0,-1,1,0,Critical,pop3_cleartext,pop3-stream-0,POP3,110,1,1,AUTH-001
-1,0,0,0,1,0,0,0,0,1,4,2,0,0,0,0,0,1,6,0,-1,1,0,Critical,pop3_cleartext,pop3-stream-0,POP3,110,1,1,AUTH-001
-1,0,0,0,1,0,0,0,0,1,4,2,0,0,0,0,0,1,6,0,-1,1,0,Critical,pop3_cleartext,pop3-stream-0,POP3,110,1,1,AUTH-001
-1,0,0,0,1,0,0,0,0,1,4,2,0,0,0,0,0,1,6,0,-1,1,0,Critical,pop3_cleartext,pop3-stream-0,POP3,110,1,1,AUTH-001
-1,0,0,0,1,0,0,0,0,1,4,2,0,0,0,0,0,1,6,0,-1,1,0,Critical,pop3_cleartext,pop3-stream-0,POP3,110,1,1,AUTH-001
-1,0,0,0,1,0,0,0,0,1,4,2,0,0,0,0,0,1,6,0,-1,1,0,Critical,pop3_cleartext,pop3-stream-0,POP3,110,1,1,AUTH-001
-1,0,0,0,1,0,0,0,0,1,4,2,0,0,0,0,0,1,6,0,-1,1,0,Critical,pop3_cleartext,pop3-stream-0,POP3,110,1,1,AUTH-001
-1,0,0,0,1,0,0,0,0,1,4,2,0,0,0,0,0,1,6,0,-1,1,0,Critical,pop3_cleartext,pop3-stream-0,POP3,110,1,1,AUTH-001
-1,0,0,0,1,0,0,0,0,1,4,2,0,0,0,0,0,1,6,0,-1,1,0,Critical,pop3_cleartext,pop3-stream-0,POP3,110,1,1,AUTH-001
-1,0,0,0,1,0,0,0,0,1,4,2,0,0,0,0,0,1,6,0,-1,1,0,Critical,pop3_cleartext,pop3-stream-0,POP3,110,1,1,AUTH-001
-1,0,0,0,1,0,0,0,0,1,4,2,0,0,0,0,0,1,6,0,-1,1,0,Critical,pop3_cleartext,pop3-stream-0,POP3,110,1,1,AUTH-001
-1,0,0,0,1,0,0,0,0,1,4,2,0,0,0,0,0,1,6,0,-1,1,0,Critical,pop3_cleartext,pop3-stream-0,POP3,110,1,1,AUTH-001
-1,0,0,0,1,0,0,0,0,1,4,2,0,0,0,0,0,1,6,0,-1,1,0,Critical,pop3_cleartext,pop3-stream-0,POP3,110,1,1,AUTH-001
-1,0,0,0,1,0,0,0,0,1,4,2,0,0,0,0,0,1,6,0,-1,1,0,Critical,pop3_cleartext,pop3-stream-0,POP3,110,1,1,AUTH-001
-1,0,0,0,1,0,0,0,0,1,4,2,0,0,0,0,0,1,6,0,-1,1,0,Critical,pop3_cleartext,pop3-stream-0,POP3,110,1,1,AUTH-001
-1,0,0,0,1,0,0,0,0,1,4,2,0,0,0,0,0,1,6,0,-1,1,0,Critical,pop3_cleartext,pop3-stream-0,POP3,110,1,1,AUTH-001
-1,0,0,0,1,0,0,0,0,1,4,2,0,0,0,0,0,1,6,0,-1,1,0,Critical,pop3_cleartext,pop3-stream-0,POP3,110,1,1,AUTH-001
-1,0,0,0,1,0,0,0,0,1,4,2,0,0,0,0,0,1,6,0,-1,1,0,Critical,pop3_cleartext,pop3-stream-0,POP3,110,1,1,AUTH-001
-1,0,0,0,1,0,0,0,0,1,4,2,0,0,0,0,0,1,6,0,-1,1,0,Critical,pop3_cleartext,pop3-stream-0,POP3,110,1,1,AUTH-001
-1,0,0,0,1,0,0,0,0,1,4,2,0,0,0,0,0,1,6,0,-1,1,0,Critical,pop3_cleartext,pop3-stream-0,POP3,110,1,1,AUTH-001
-1,0,0,0,1,0,0,0,0,1,4,2,0,0,0,0,0,1,6,0,-1,1,0,Critical,pop3_cleartext,pop3-stream-0,POP3,110,1,1,AUTH-001
-1,0,0,0,1,0,0,0,0,1,4,2,0,0,0,0,0,1,6,0,-1,1,0,Critical,pop3_cleartext,pop3-stream-0,POP3,110,1,1,AUTH-001
-1,0,0,0,1,0,0,0,0,1,4,2,0,0,0,0,0,1,6,0,-1,1,0,Critical,pop3_cleartext,pop3-stream-0,POP3,110,1,1,AUTH-001
-1,0,0,0,1,0,0,0,0,1,4,2,0,0,0,0,0,1,6,0,-1,1,0,Critical,pop3_cleartext,pop3-stream-0,POP3,110,1,1,AUTH-001
-1,0,0,0,1,0,0,0,0,1,4,2,0,0,0,0,0,1,6,0,-1,1,0,Critical,pop3_cleartext,pop3-stream-0,POP3,110,1,1,AUTH-001
-1,0,0,0,1,0,0,0,0,1,4,2,0,0,0,0,0,1,6,0,-1,1,0,Critical,pop3_cleartext,pop3-stream-0,POP3,110,1,1,AUTH-001
-1,0,0,0,1,0,0,0,0,1,4,2,0,0,0,0,0,1,6,0,-1,1,0,Critical,pop3_cleartext,pop3-stream-0,POP3,110,1,1,AUTH-001
-1,0,0,0,1,0,0,0,0,1,4,2,0,0,0,0,0,1,6,0,-1,1,0,Critical,pop3_cleartext,pop3-stream-0,POP3,110,1,1,AUTH-001
3,3,1,1,0,-19,2048,1,0,2,3,1,0,0,1,0,1,1,6,1,1,0,0,High,imap_expired,imap-stream-0,IMAP,143,1,2,CERT-001|CERT-003
3,3,1,1,0,-19,2048,1,0,2,3,1,0,0,1,0,1,1,6,1,1,0,0,High,imap_expired,imap-stream-0,IMAP,143,1,2,CERT-001|CERT-003
3,3,1,1,0,-19,2048,1,0,2,3,1,0,0,1,0,1,1,6,1,1,0,0,High,imap_expired,imap-stream-0,IMAP,143,1,2,CERT-001|CERT-003
3,3,1,1,0,-19,2048,1,0,2,3,1,0,0,1,0,1,1,6,1,1,0,0,High,imap_expired,imap-stream-0,IMAP,143,1,2,CERT-001|CERT-003
3,3,1,1,0,-19,2048,1,0,2,3,1,0,0,1,0,1,1,6,1,1,0,0,High,imap_expired,imap-stream-0,IMAP,143,1,2,CERT-001|CERT-003
3,3,1,1,0,-19,2048,1,0,2,3,1,0,0,1,0,1,1,6,1,1,0,0,High,imap_expired,imap-stream-0,IMAP,143,1,2,CERT-001|CERT-003
3,3,1,1,0,-19,2048,1,0,2,3,1,0,0,1,0,1,1,6,1,1,0,0,High,imap_expired,imap-stream-0,IMAP,143,1,2,CERT-001|CERT-003
3,3,1,1,0,-19,2048,1,0,2,3,1,0,0,1,0,1,1,6,1,1,0,0,High,imap_expired,imap-stream-0,IMAP,143,1,2,CERT-001|CERT-003
3,3,1,1,0,-19,2048,1,0,2,3,1,0,0,1,0,1,1,6,1,1,0,0,High,imap_expired,imap-stream-0,IMAP,143,1,2,CERT-001|CERT-003
3,3,1,1,0,-19,2048,1,0,2,3,1,0,0,1,0,1,1,6,1,1,0,0,High,imap_expired,imap-stream-0,IMAP,143,1,2,CERT-001|CERT-003
3,3,1,1,0,-19,2048,1,0,2,3,1,0,0,1,0,1,1,6,1,1,0,0,High,imap_expired,imap-stream-0,IMAP,143,1,2,CERT-001|CERT-003
3,3,1,1,0,-19,2048,1,0,2,3,1,0,0,1,0,1,1,6,1,1,0,0,High,imap_expired,imap-stream-0,IMAP,143,1,2,CERT-001|CERT-003
3,3,1,1,0,-19,2048,1,0,2,3,1,0,0,1,0,1,1,6,1,1,0,0,High,imap_expired,imap-stream-0,IMAP,143,1,2,CERT-001|CERT-003
3,3,1,1,0,-19,2048,1,0,2,3,1,0,0,1,0,1,1,6,1,1,0,0,High,imap_expired,imap-stream-0,IMAP,143,1,2,CERT-001|CERT-003
3,3,1,1,0,-19,2048,1,0,2,3,1,0,0,1,0,1,1,6,1,1,0,0,High,imap_expired,imap-stream-0,IMAP,143,1,2,CERT-001|CERT-003
3,3,1,1,0,-19,2048,1,0,2,3,1,0,0,1,0,1,1,6,1,1,0,0,High,imap_expired,imap-stream-0,IMAP,143,1,2,CERT-001|CERT-003
3,3,1,1,0,-19,2048,1,0,2,3,1,0,0,1,0,1,1,6,1,1,0,0,High,imap_expired,imap-stream-0,IMAP,143,1,2,CERT-001|CERT-003
3,3,1,1,0,-19,2048,1,0,2,3,1,0,0,1,0,1,1,6,1,1,0,0,High,imap_expired,imap-stream-0,IMAP,143,1,2,CERT-001|CERT-003
3,3,1,1,0,-19,2048,1,0,2,3,1,0,0,1,0,1,1,6,1,1,0,0,High,imap_expired,imap-stream-0,IMAP,143,1,2,CERT-001|CERT-003
3,3,1,1,0,-19,2048,1,0,2,3,1,0,0,1,0,1,1,6,1,1,0,0,High,imap_expired,imap-stream-0,IMAP,143,1,2,CERT-001|CERT-003
3,3,1,1,0,-19,2048,1,0,2,3,1,0,0,1,0,1,1,6,1,1,0,0,High,imap_expired,imap-stream-0,IMAP,143,1,2,CERT-001|CERT-003
3,3,1,1,0,-19,2048,1,0,2,3,1,0,0,1,0,1,1,6,1,1,0,0,High,imap_expired,imap-stream-0,IMAP,143,1,2,CERT-001|CERT-003
3,3,1,1,0,-19,2048,1,0,2,3,1,0,0,1,0,1,1,6,1,1,0,0,High,imap_expired,imap-stream-0,IMAP,143,1,2,CERT-001|CERT-003
3,3,1,1,0,-19,2048,1,0,2,3,1,0,0,1,0,1,1,6,1,1,0,0,High,imap_expired,imap-stream-0,IMAP,143,1,2,CERT-001|CERT-003
3,3,1,1,0,-19,2048,1,0,2,3,1,0,0,1,0,1,1,6,1,1,0,0,High,imap_expired,imap-stream-0,IMAP,143,1,2,CERT-001|CERT-003
3,3,1,1,0,-19,2048,1,0,2,3,1,0,0,1,0,1,1,6,1,1,0,0,High,imap_expired,imap-stream-0,IMAP,143,1,2,CERT-001|CERT-003
3,3,1,1,0,-19,2048,1,0,2,3,1,0,0,1,0,1,1,6,1,1,0,0,High,imap_expired,imap-stream-0,IMAP,143,1,2,CERT-001|CERT-003
3,3,1,1,0,-19,2048,1,0,2,3,1,0,0,1,0,1,1,6,1,1,0,0,High,imap_expired,imap-stream-0,IMAP,143,1,2,CERT-001|CERT-003
3,3,1,1,0,-19,2048,1,0,2,3,1,0,0,1,0,1,1,6,1,1,0,0,High,imap_expired,imap-stream-0,IMAP,143,1,2,CERT-001|CERT-003
3,3,1,1,0,-19,2048,1,0,2,3,1,0,0,1,0,1,1,6,1,1,0,0,High,imap_expired,imap-stream-0,IMAP,143,1,2,CERT-001|CERT-003
3,3,1,1,0,-19,2048,1,0,2,3,1,0,0,1,0,1,1,6,1,1,0,0,High,imap_expired,imap-stream-0,IMAP,143,1,2,CERT-001|CERT-003
3,3,1,1,0,-19,2048,1,0,2,3,1,0,0,1,0,1,1,6,1,1,0,0,High,imap_expired,imap-stream-0,IMAP,143,1,2,CERT-001|CERT-003
3,3,1,1,0,-19,2048,1,0,2,3,1,0,0,1,0,1,1,6,1,1,0,0,High,imap_expired,imap-stream-0,IMAP,143,1,2,CERT-001|CERT-003
3,3,1,1,0,-19,2048,1,0,2,3,1,0,0,1,0,1,1,6,1,1,0,0,High,imap_expired,imap-stream-0,IMAP,143,1,2,CERT-001|CERT-003
3,3,1,1,0,-19,2048,1,0,2,3,1,0,0,1,0,1,1,6,1,1,0,0,High,imap_expired,imap-stream-0,IMAP,143,1,2,CERT-001|CERT-003
3,3,1,1,0,-19,2048,1,0,2,3,1,0,0,1,0,1,1,6,1,1,0,0,High,imap_expired,imap-stream-0,IMAP,143,1,2,CERT-001|CERT-003
3,3,1,1,0,-19,2048,1,0,2,3,1,0,0,1,0,1,1,6,1,1,0,0,High,imap_expired,imap-stream-0,IMAP,143,1,2,CERT-001|CERT-003
3,3,1,1,0,-19,2048,1,0,2,3,1,0,0,1,0,1,1,6,1,1,0,0,High,imap_expired,imap-stream-0,IMAP,143,1,2,CERT-001|CERT-003
3,3,1,1,0,-19,2048,1,0,2,3,1,0,0,1,0,1,1,6,1,1,0,0,High,imap_expired,imap-stream-0,IMAP,143,1,2,CERT-001|CERT-003
3,3,1,1,0,-19,2048,1,0,2,3,1,0,0,1,0,1,1,6,1,1,0,0,High,imap_expired,imap-stream-0,IMAP,143,1,2,CERT-001|CERT-003
3,3,1,1,0,-19,2048,1,0,2,3,1,0,0,1,0,1,1,6,1,1,0,0,High,imap_expired,imap-stream-0,IMAP,143,1,2,CERT-001|CERT-003
3,3,1,1,0,-19,2048,1,0,2,3,1,0,0,1,0,1,1,6,1,1,0,0,High,imap_expired,imap-stream-0,IMAP,143,1,2,CERT-001|CERT-003
3,3,1,1,0,-19,2048,1,0,2,3,1,0,0,1,0,1,1,6,1,1,0,0,High,imap_expired,imap-stream-0,IMAP,143,1,2,CERT-001|CERT-003
3,3,1,1,0,-19,2048,1,0,2,3,1,0,0,1,0,1,1,6,1,1,0,0,High,imap_expired,imap-stream-0,IMAP,143,1,2,CERT-001|CERT-003
3,3,1,1,0,-19,2048,1,0,2,3,1,0,0,1,0,1,1,6,1,1,0,0,High,imap_expired,imap-stream-0,IMAP,143,1,2,CERT-001|CERT-003
3,3,1,1,0,-19,2048,1,0,2,3,1,0,0,1,0,1,1,6,1,1,0,0,High,imap_expired,imap-stream-0,IMAP,143,1,2,CERT-001|CERT-003
3,3,1,1,0,-19,2048,1,0,2,3,1,0,0,1,0,1,1,6,1,1,0,0,High,imap_expired,imap-stream-0,IMAP,143,1,2,CERT-001|CERT-003
3,3,1,1,0,-19,2048,1,0,2,3,1,0,0,1,0,1,1,6,1,1,0,0,High,imap_expired,imap-stream-0,IMAP,143,1,2,CERT-001|CERT-003
3,3,1,1,0,-19,2048,1,0,2,3,1,0,0,1,0,1,1,6,1,1,0,0,High,imap_expired,imap-stream-0,IMAP,143,1,2,CERT-001|CERT-003
3,3,1,1,0,-19,2048,1,0,2,3,1,0,0,1,0,1,1,6,1,1,0,0,High,imap_expired,imap-stream-0,IMAP,143,1,2,CERT-001|CERT-003
3,2,0,1,0,179,2048,1,0,2,3,2,0,0,1,0,1,1,6,1,1,0,0,High,pop3_static_rsa,pop3-stream-0,POP3,110,1,2,CIPHER-002|CERT-003
3,2,0,1,0,179,2048,1,0,2,3,2,0,0,1,0,1,1,6,1,1,0,0,High,pop3_static_rsa,pop3-stream-0,POP3,110,1,2,CIPHER-002|CERT-003
3,2,0,1,0,179,2048,1,0,2,3,2,0,0,1,0,1,1,6,1,1,0,0,High,pop3_static_rsa,pop3-stream-0,POP3,110,1,2,CIPHER-002|CERT-003
3,2,0,1,0,179,2048,1,0,2,3,2,0,0,1,0,1,1,6,1,1,0,0,High,pop3_static_rsa,pop3-stream-0,POP3,110,1,2,CIPHER-002|CERT-003
3,2,0,1,0,179,2048,1,0,2,3,2,0,0,1,0,1,1,6,1,1,0,0,High,pop3_static_rsa,pop3-stream-0,POP3,110,1,2,CIPHER-002|CERT-003
3,2,0,1,0,179,2048,1,0,2,3,2,0,0,1,0,1,1,6,1,1,0,0,High,pop3_static_rsa,pop3-stream-0,POP3,110,1,2,CIPHER-002|CERT-003
3,2,0,1,0,179,2048,1,0,2,3,2,0,0,1,0,1,1,6,1,1,0,0,High,pop3_static_rsa,pop3-stream-0,POP3,110,1,2,CIPHER-002|CERT-003
3,2,0,1,0,179,2048,1,0,2,3,2,0,0,1,0,1,1,6,1,1,0,0,High,pop3_static_rsa,pop3-stream-0,POP3,110,1,2,CIPHER-002|CERT-003
3,2,0,1,0,179,2048,1,0,2,3,2,0,0,1,0,1,1,6,1,1,0,0,High,pop3_static_rsa,pop3-stream-0,POP3,110,1,2,CIPHER-002|CERT-003
3,2,0,1,0,179,2048,1,0,2,3,2,0,0,1,0,1,1,6,1,1,0,0,High,pop3_static_rsa,pop3-stream-0,POP3,110,1,2,CIPHER-002|CERT-003
3,2,0,1,0,179,2048,1,0,2,3,2,0,0,1,0,1,1,6,1,1,0,0,High,pop3_static_rsa,pop3-stream-0,POP3,110,1,2,CIPHER-002|CERT-003
3,2,0,1,0,179,2048,1,0,2,3,2,0,0,1,0,1,1,6,1,1,0,0,High,pop3_static_rsa,pop3-stream-0,POP3,110,1,2,CIPHER-002|CERT-003
3,2,0,1,0,179,2048,1,0,2,3,2,0,0,1,0,1,1,6,1,1,0,0,High,pop3_static_rsa,pop3-stream-0,POP3,110,1,2,CIPHER-002|CERT-003
3,2,0,1,0,179,2048,1,0,2,3,2,0,0,1,0,1,1,6,1,1,0,0,High,pop3_static_rsa,pop3-stream-0,POP3,110,1,2,CIPHER-002|CERT-003
3,2,0,1,0,179,2048,1,0,2,3,2,0,0,1,0,1,1,6,1,1,0,0,High,pop3_static_rsa,pop3-stream-0,POP3,110,1,2,CIPHER-002|CERT-003
3,2,0,1,0,179,2048,1,0,2,3,2,0,0,1,0,1,1,6,1,1,0,0,High,pop3_static_rsa,pop3-stream-0,POP3,110,1,2,CIPHER-002|CERT-003
3,2,0,1,0,179,2048,1,0,2,3,2,0,0,1,0,1,1,6,1,1,0,0,High,pop3_static_rsa,pop3-stream-0,POP3,110,1,2,CIPHER-002|CERT-003
3,2,0,1,0,179,2048,1,0,2,3,2,0,0,1,0,1,1,6,1,1,0,0,High,pop3_static_rsa,pop3-stream-0,POP3,110,1,2,CIPHER-002|CERT-003
3,2,0,1,0,179,2048,1,0,2,3,2,0,0,1,0,1,1,6,1,1,0,0,High,pop3_static_rsa,pop3-stream-0,POP3,110,1,2,CIPHER-002|CERT-003
3,2,0,1,0,179,2048,1,0,2,3,2,0,0,1,0,1,1,6,1,1,0,0,High,pop3_static_rsa,pop3-stream-0,POP3,110,1,2,CIPHER-002|CERT-003
3,2,0,1,0,179,2048,1,0,2,3,2,0,0,1,0,1,1,6,1,1,0,0,High,pop3_static_rsa,pop3-stream-0,POP3,110,1,2,CIPHER-002|CERT-003
3,2,0,1,0,179,2048,1,0,2,3,2,0,0,1,0,1,1,6,1,1,0,0,High,pop3_static_rsa,pop3-stream-0,POP3,110,1,2,CIPHER-002|CERT-003
3,2,0,1,0,179,2048,1,0,2,3,2,0,0,1,0,1,1,6,1,1,0,0,High,pop3_static_rsa,pop3-stream-0,POP3,110,1,2,CIPHER-002|CERT-003
3,2,0,1,0,179,2048,1,0,2,3,2,0,0,1,0,1,1,6,1,1,0,0,High,pop3_static_rsa,pop3-stream-0,POP3,110,1,2,CIPHER-002|CERT-003
3,2,0,1,0,179,2048,1,0,2,3,2,0,0,1,0,1,1,6,1,1,0,0,High,pop3_static_rsa,pop3-stream-0,POP3,110,1,2,CIPHER-002|CERT-003
3,2,0,1,0,179,2048,1,0,2,3,2,0,0,1,0,1,1,6,1,1,0,0,High,pop3_static_rsa,pop3-stream-0,POP3,110,1,2,CIPHER-002|CERT-003
3,2,0,1,0,179,2048,1,0,2,3,2,0,0,1,0,1,1,6,1,1,0,0,High,pop3_static_rsa,pop3-stream-0,POP3,110,1,2,CIPHER-002|CERT-003
3,2,0,1,0,179,2048,1,0,2,3,2,0,0,1,0,1,1,6,1,1,0,0,High,pop3_static_rsa,pop3-stream-0,POP3,110,1,2,CIPHER-002|CERT-003
3,2,0,1,0,179,2048,1,0,2,3,2,0,0,1,0,1,1,6,1,1,0,0,High,pop3_static_rsa,pop3-stream-0,POP3,110,1,2,CIPHER-002|CERT-003
3,2,0,1,0,179,2048,1,0,2,3,2,0,0,1,0,1,1,6,1,1,0,0,High,pop3_static_rsa,pop3-stream-0,POP3,110,1,2,CIPHER-002|CERT-003
3,2,0,1,0,179,2048,1,0,2,3,2,0,0,1,0,1,1,6,1,1,0,0,High,pop3_static_rsa,pop3-stream-0,POP3,110,1,2,CIPHER-002|CERT-003
3,2,0,1,0,179,2048,1,0,2,3,2,0,0,1,0,1,1,6,1,1,0,0,High,pop3_static_rsa,pop3-stream-0,POP3,110,1,2,CIPHER-002|CERT-003
3,2,0,1,0,179,2048,1,0,2,3,2,0,0,1,0,1,1,6,1,1,0,0,High,pop3_static_rsa,pop3-stream-0,POP3,110,1,2,CIPHER-002|CERT-003
3,2,0,1,0,179,2048,1,0,2,3,2,0,0,1,0,1,1,6,1,1,0,0,High,pop3_static_rsa,pop3-stream-0,POP3,110,1,2,CIPHER-002|CERT-003
3,2,0,1,0,179,2048,1,0,2,3,2,0,0,1,0,1,1,6,1,1,0,0,High,pop3_static_rsa,pop3-stream-0,POP3,110,1,2,CIPHER-002|CERT-003
3,2,0,1,0,179,2048,1,0,2,3,2,0,0,1,0,1,1,6,1,1,0,0,High,pop3_static_rsa,pop3-stream-0,POP3,110,1,2,CIPHER-002|CERT-003
3,2,0,1,0,179,2048,1,0,2,3,2,0,0,1,0,1,1,6,1,1,0,0,High,pop3_static_rsa,pop3-stream-0,POP3,110,1,2,CIPHER-002|CERT-003
3,2,0,1,0,179,2048,1,0,2,3,2,0,0,1,0,1,1,6,1,1,0,0,High,pop3_static_rsa,pop3-stream-0,POP3,110,1,2,CIPHER-002|CERT-003
3,2,0,1,0,179,2048,1,0,2,3,2,0,0,1,0,1,1,6,1,1,0,0,High,pop3_static_rsa,pop3-stream-0,POP3,110,1,2,CIPHER-002|CERT-003
3,2,0,1,0,179,2048,1,0,2,3,2,0,0,1,0,1,1,6,1,1,0,0,High,pop3_static_rsa,pop3-stream-0,POP3,110,1,2,CIPHER-002|CERT-003
3,2,0,1,0,179,2048,1,0,2,3,2,0,0,1,0,1,1,6,1,1,0,0,High,pop3_static_rsa,pop3-stream-0,POP3,110,1,2,CIPHER-002|CERT-003
3,2,0,1,0,179,2048,1,0,2,3,2,0,0,1,0,1,1,6,1,1,0,0,High,pop3_static_rsa,pop3-stream-0,POP3,110,1,2,CIPHER-002|CERT-003
3,2,0,1,0,179,2048,1,0,2,3,2,0,0,1,0,1,1,6,1,1,0,0,High,pop3_static_rsa,pop3-stream-0,POP3,110,1,2,CIPHER-002|CERT-003
3,2,0,1,0,179,2048,1,0,2,3,2,0,0,1,0,1,1,6,1,1,0,0,High,pop3_static_rsa,pop3-stream-0,POP3,110,1,2,CIPHER-002|CERT-003
3,2,0,1,0,179,2048,1,0,2,3,2,0,0,1,0,1,1,6,1,1,0,0,High,pop3_static_rsa,pop3-stream-0,POP3,110,1,2,CIPHER-002|CERT-003
3,2,0,1,0,179,2048,1,0,2,3,2,0,0,1,0,1,1,6,1,1,0,0,High,pop3_static_rsa,pop3-stream-0,POP3,110,1,2,CIPHER-002|CERT-003
3,2,0,1,0,179,2048,1,0,2,3,2,0,0,1,0,1,1,6,1,1,0,0,High,pop3_static_rsa,pop3-stream-0,POP3,110,1,2,CIPHER-002|CERT-003
3,2,0,1,0,179,2048,1,0,2,3,2,0,0,1,0,1,1,6,1,1,0,0,High,pop3_static_rsa,pop3-stream-0,POP3,110,1,2,CIPHER-002|CERT-003
3,2,0,1,0,179,2048,1,0,2,3,2,0,0,1,0,1,1,6,1,1,0,0,High,pop3_static_rsa,pop3-stream-0,POP3,110,1,2,CIPHER-002|CERT-003
3,2,0,1,0,179,2048,1,0,2,3,2,0,0,1,0,1,1,6,1,1,0,0,High,pop3_static_rsa,pop3-stream-0,POP3,110,1,2,CIPHER-002|CERT-003
1,0,0,1,0,179,2048,1,0,4,4,0,0,1,1,0,1,1,9,1,1,0,0,Critical,export_cipher,smtp-stream-0,SMTP,587,1,4,TLS-002|CIPHER-001|CIPHER-002|CERT-003
1,0,0,1,0,179,2048,1,0,4,4,0,0,1,1,0,1,1,9,1,1,0,0,Critical,export_cipher,smtp-stream-0,SMTP,587,1,4,TLS-002|CIPHER-001|CIPHER-002|CERT-003
1,0,0,1,0,179,2048,1,0,4,4,0,0,1,1,0,1,1,9,1,1,0,0,Critical,export_cipher,smtp-stream-0,SMTP,587,1,4,TLS-002|CIPHER-001|CIPHER-002|CERT-003
1,0,0,1,0,179,2048,1,0,4,4,0,0,1,1,0,1,1,9,1,1,0,0,Critical,export_cipher,smtp-stream-0,SMTP,587,1,4,TLS-002|CIPHER-001|CIPHER-002|CERT-003
1,0,0,1,0,179,2048,1,0,4,4,0,0,1,1,0,1,1,9,1,1,0,0,Critical,export_cipher,smtp-stream-0,SMTP,587,1,4,TLS-002|CIPHER-001|CIPHER-002|CERT-003
1,0,0,1,0,179,2048,1,0,4,4,0,0,1,1,0,1,1,9,1,1,0,0,Critical,export_cipher,smtp-stream-0,SMTP,587,1,4,TLS-002|CIPHER-001|CIPHER-002|CERT-003
1,0,0,1,0,179,2048,1,0,4,4,0,0,1,1,0,1,1,9,1,1,0,0,Critical,export_cipher,smtp-stream-0,SMTP,587,1,4,TLS-002|CIPHER-001|CIPHER-002|CERT-003
1,0,0,1,0,179,2048,1,0,4,4,0,0,1,1,0,1,1,9,1,1,0,0,Critical,export_cipher,smtp-stream-0,SMTP,587,1,4,TLS-002|CIPHER-001|CIPHER-002|CERT-003
1,0,0,1,0,179,2048,1,0,4,4,0,0,1,1,0,1,1,9,1,1,0,0,Critical,export_cipher,smtp-stream-0,SMTP,587,1,4,TLS-002|CIPHER-001|CIPHER-002|CERT-003
1,0,0,1,0,179,2048,1,0,4,4,0,0,1,1,0,1,1,9,1,1,0,0,Critical,export_cipher,smtp-stream-0,SMTP,587,1,4,TLS-002|CIPHER-001|CIPHER-002|CERT-003
1,0,0,1,0,179,2048,1,0,4,4,0,0,1,1,0,1,1,9,1,1,0,0,Critical,export_cipher,smtp-stream-0,SMTP,587,1,4,TLS-002|CIPHER-001|CIPHER-002|CERT-003
1,0,0,1,0,179,2048,1,0,4,4,0,0,1,1,0,1,1,9,1,1,0,0,Critical,export_cipher,smtp-stream-0,SMTP,587,1,4,TLS-002|CIPHER-001|CIPHER-002|CERT-003
1,0,0,1,0,179,2048,1,0,4,4,0,0,1,1,0,1,1,9,1,1,0,0,Critical,export_cipher,smtp-stream-0,SMTP,587,1,4,TLS-002|CIPHER-001|CIPHER-002|CERT-003
1,0,0,1,0,179,2048,1,0,4,4,0,0,1,1,0,1,1,9,1,1,0,0,Critical,export_cipher,smtp-stream-0,SMTP,587,1,4,TLS-002|CIPHER-001|CIPHER-002|CERT-003
1,0,0,1,0,179,2048,1,0,4,4,0,0,1,1,0,1,1,9,1,1,0,0,Critical,export_cipher,smtp-stream-0,SMTP,587,1,4,TLS-002|CIPHER-001|CIPHER-002|CERT-003
1,0,0,1,0,179,2048,1,0,4,4,0,0,1,1,0,1,1,9,1,1,0,0,Critical,export_cipher,smtp-stream-0,SMTP,587,1,4,TLS-002|CIPHER-001|CIPHER-002|CERT-003
1,0,0,1,0,179,2048,1,0,4,4,0,0,1,1,0,1,1,9,1,1,0,0,Critical,export_cipher,smtp-stream-0,SMTP,587,1,4,TLS-002|CIPHER-001|CIPHER-002|CERT-003
1,0,0,1,0,179,2048,1,0,4,4,0,0,1,1,0,1,1,9,1,1,0,0,Critical,export_cipher,smtp-stream-0,SMTP,587,1,4,TLS-002|CIPHER-001|CIPHER-002|CERT-003
1,0,0,1,0,179,2048,1,0,4,4,0,0,1,1,0,1,1,9,1,1,0,0,Critical,export_cipher,smtp-stream-0,SMTP,587,1,4,TLS-002|CIPHER-001|CIPHER-002|CERT-003
1,0,0,1,0,179,2048,1,0,4,4,0,0,1,1,0,1,1,9,1,1,0,0,Critical,export_cipher,smtp-stream-0,SMTP,587,1,4,TLS-002|CIPHER-001|CIPHER-002|CERT-003
1,0,0,1,0,179,2048,1,0,4,4,0,0,1,1,0,1,1,9,1,1,0,0,Critical,export_cipher,smtp-stream-0,SMTP,587,1,4,TLS-002|CIPHER-001|CIPHER-002|CERT-003
1,0,0,1,0,179,2048,1,0,4,4,0,0,1,1,0,1,1,9,1,1,0,0,Critical,export_cipher,smtp-stream-0,SMTP,587,1,4,TLS-002|CIPHER-001|CIPHER-002|CERT-003
1,0,0,1,0,179,2048,1,0,4,4,0,0,1,1,0,1,1,9,1,1,0,0,Critical,export_cipher,smtp-stream-0,SMTP,587,1,4,TLS-002|CIPHER-001|CIPHER-002|CERT-003
1,0,0,1,0,179,2048,1,0,4,4,0,0,1,1,0,1,1,9,1,1,0,0,Critical,export_cipher,smtp-stream-0,SMTP,587,1,4,TLS-002|CIPHER-001|CIPHER-002|CERT-003
1,0,0,1,0,179,2048,1,0,4,4,0,0,1,1,0,1,1,9,1,1,0,0,Critical,export_cipher,smtp-stream-0,SMTP,587,1,4,TLS-002|CIPHER-001|CIPHER-002|CERT-003
1,0,0,1,0,179,2048,1,0,4,4,0,0,1,1,0,1,1,9,1,1,0,0,Critical,export_cipher,smtp-stream-0,SMTP,587,1,4,TLS-002|CIPHER-001|CIPHER-002|CERT-003
1,0,0,1,0,179,2048,1,0,4,4,0,0,1,1,0,1,1,9,1,1,0,0,Critical,export_cipher,smtp-stream-0,SMTP,587,1,4,TLS-002|CIPHER-001|CIPHER-002|CERT-003
1,0,0,1,0,179,2048,1,0,4,4,0,0,1,1,0,1,1,9,1,1,0,0,Critical,export_cipher,smtp-stream-0,SMTP,587,1,4,TLS-002|CIPHER-001|CIPHER-002|CERT-003
1,0,0,1,0,179,2048,1,0,4,4,0,0,1,1,0,1,1,9,1,1,0,0,Critical,export_cipher,smtp-stream-0,SMTP,587,1,4,TLS-002|CIPHER-001|CIPHER-002|CERT-003
1,0,0,1,0,179,2048,1,0,4,4,0,0,1,1,0,1,1,9,1,1,0,0,Critical,export_cipher,smtp-stream-0,SMTP,587,1,4,TLS-002|CIPHER-001|CIPHER-002|CERT-003
1,0,0,1,0,179,2048,1,0,4,4,0,0,1,1,0,1,1,9,1,1,0,0,Critical,export_cipher,smtp-stream-0,SMTP,587,1,4,TLS-002|CIPHER-001|CIPHER-002|CERT-003
1,0,0,1,0,179,2048,1,0,4,4,0,0,1,1,0,1,1,9,1,1,0,0,Critical,export_cipher,smtp-stream-0,SMTP,587,1,4,TLS-002|CIPHER-001|CIPHER-002|CERT-003
1,0,0,1,0,179,2048,1,0,4,4,0,0,1,1,0,1,1,9,1,1,0,0,Critical,export_cipher,smtp-stream-0,SMTP,587,1,4,TLS-002|CIPHER-001|CIPHER-002|CERT-003
1,0,0,1,0,179,2048,1,0,4,4,0,0,1,1,0,1,1,9,1,1,0,0,Critical,export_cipher,smtp-stream-0,SMTP,587,1,4,TLS-002|CIPHER-001|CIPHER-002|CERT-003
1,0,0,1,0,179,2048,1,0,4,4,0,0,1,1,0,1,1,9,1,1,0,0,Critical,export_cipher,smtp-stream-0,SMTP,587,1,4,TLS-002|CIPHER-001|CIPHER-002|CERT-003
1,0,0,1,0,179,2048,1,0,4,4,0,0,1,1,0,1,1,9,1,1,0,0,Critical,export_cipher,smtp-stream-0,SMTP,587,1,4,TLS-002|CIPHER-001|CIPHER-002|CERT-003
1,0,0,1,0,179,2048,1,0,4,4,0,0,1,1,0,1,1,9,1,1,0,0,Critical,export_cipher,smtp-stream-0,SMTP,587,1,4,TLS-002|CIPHER-001|CIPHER-002|CERT-003
1,0,0,1,0,179,2048,1,0,4,4,0,0,1,1,0,1,1,9,1,1,0,0,Critical,export_cipher,smtp-stream-0,SMTP,587,1,4,TLS-002|CIPHER-001|CIPHER-002|CERT-003
1,0,0,1,0,179,2048,1,0,4,4,0,0,1,1,0,1,1,9,1,1,0,0,Critical,export_cipher,smtp-stream-0,SMTP,587,1,4,TLS-002|CIPHER-001|CIPHER-002|CERT-003
1,0,0,1,0,179,2048,1,0,4,4,0,0,1,1,0,1,1,9,1,1,0,0,Critical,export_cipher,smtp-stream-0,SMTP,587,1,4,TLS-002|CIPHER-001|CIPHER-002|CERT-003
1,0,0,1,0,179,2048,1,0,4,4,0,0,1,1,0,1,1,9,1,1,0,0,Critical,export_cipher,smtp-stream-0,SMTP,587,1,4,TLS-002|CIPHER-001|CIPHER-002|CERT-003
1,0,0,1,0,179,2048,1,0,4,4,0,0,1,1,0,1,1,9,1,1,0,0,Critical,export_cipher,smtp-stream-0,SMTP,587,1,4,TLS-002|CIPHER-001|CIPHER-002|CERT-003
1,0,0,1,0,179,2048,1,0,4,4,0,0,1,1,0,1,1,9,1,1,0,0,Critical,export_cipher,smtp-stream-0,SMTP,587,1,4,TLS-002|CIPHER-001|CIPHER-002|CERT-003
1,0,0,1,0,179,2048,1,0,4,4,0,0,1,1,0,1,1,9,1,1,0,0,Critical,export_cipher,smtp-stream-0,SMTP,587,1,4,TLS-002|CIPHER-001|CIPHER-002|CERT-003
1,0,0,1,0,179,2048,1,0,4,4,0,0,1,1,0,1,1,9,1,1,0,0,Critical,export_cipher,smtp-stream-0,SMTP,587,1,4,TLS-002|CIPHER-001|CIPHER-002|CERT-003
1,0,0,1,0,179,2048,1,0,4,4,0,0,1,1,0,1,1,9,1,1,0,0,Critical,export_cipher,smtp-stream-0,SMTP,587,1,4,TLS-002|CIPHER-001|CIPHER-002|CERT-003
1,0,0,1,0,179,2048,1,0,4,4,0,0,1,1,0,1,1,9,1,1,0,0,Critical,export_cipher,smtp-stream-0,SMTP,587,1,4,TLS-002|CIPHER-001|CIPHER-002|CERT-003
1,0,0,1,0,179,2048,1,0,4,4,0,0,1,1,0,1,1,9,1,1,0,0,Critical,export_cipher,smtp-stream-0,SMTP,587,1,4,TLS-002|CIPHER-001|CIPHER-002|CERT-003
1,0,0,1,0,179,2048,1,0,4,4,0,0,1,1,0,1,1,9,1,1,0,0,Critical,export_cipher,smtp-stream-0,SMTP,587,1,4,TLS-002|CIPHER-001|CIPHER-002|CERT-003
1,0,0,1,0,179,2048,1,0,4,4,0,0,1,1,0,1,1,9,1,1,0,0,Critical,export_cipher,smtp-stream-0,SMTP,587,1,4,TLS-002|CIPHER-001|CIPHER-002|CERT-003
3,0,0,1,0,179,2048,1,0,2,4,0,0,1,1,0,1,1,9,1,1,0,0,Critical,null_cipher,smtp-stream-0,SMTP,587,1,2,CIPHER-001|CERT-003
3,0,0,1,0,179,2048,1,0,2,4,0,0,1,1,0,1,1,9,1,1,0,0,Critical,null_cipher,smtp-stream-0,SMTP,587,1,2,CIPHER-001|CERT-003
3,0,0,1,0,179,2048,1,0,2,4,0,0,1,1,0,1,1,9,1,1,0,0,Critical,null_cipher,smtp-stream-0,SMTP,587,1,2,CIPHER-001|CERT-003
3,0,0,1,0,179,2048,1,0,2,4,0,0,1,1,0,1,1,9,1,1,0,0,Critical,null_cipher,smtp-stream-0,SMTP,587,1,2,CIPHER-001|CERT-003
3,0,0,1,0,179,2048,1,0,2,4,0,0,1,1,0,1,1,9,1,1,0,0,Critical,null_cipher,smtp-stream-0,SMTP,587,1,2,CIPHER-001|CERT-003
3,0,0,1,0,179,2048,1,0,2,4,0,0,1,1,0,1,1,9,1,1,0,0,Critical,null_cipher,smtp-stream-0,SMTP,587,1,2,CIPHER-001|CERT-003
3,0,0,1,0,179,2048,1,0,2,4,0,0,1,1,0,1,1,9,1,1,0,0,Critical,null_cipher,smtp-stream-0,SMTP,587,1,2,CIPHER-001|CERT-003
3,0,0,1,0,179,2048,1,0,2,4,0,0,1,1,0,1,1,9,1,1,0,0,Critical,null_cipher,smtp-stream-0,SMTP,587,1,2,CIPHER-001|CERT-003
3,0,0,1,0,179,2048,1,0,2,4,0,0,1,1,0,1,1,9,1,1,0,0,Critical,null_cipher,smtp-stream-0,SMTP,587,1,2,CIPHER-001|CERT-003
3,0,0,1,0,179,2048,1,0,2,4,0,0,1,1,0,1,1,9,1,1,0,0,Critical,null_cipher,smtp-stream-0,SMTP,587,1,2,CIPHER-001|CERT-003
3,0,0,1,0,179,2048,1,0,2,4,0,0,1,1,0,1,1,9,1,1,0,0,Critical,null_cipher,smtp-stream-0,SMTP,587,1,2,CIPHER-001|CERT-003
3,0,0,1,0,179,2048,1,0,2,4,0,0,1,1,0,1,1,9,1,1,0,0,Critical,null_cipher,smtp-stream-0,SMTP,587,1,2,CIPHER-001|CERT-003
3,0,0,1,0,179,2048,1,0,2,4,0,0,1,1,0,1,1,9,1,1,0,0,Critical,null_cipher,smtp-stream-0,SMTP,587,1,2,CIPHER-001|CERT-003
3,0,0,1,0,179,2048,1,0,2,4,0,0,1,1,0,1,1,9,1,1,0,0,Critical,null_cipher,smtp-stream-0,SMTP,587,1,2,CIPHER-001|CERT-003
3,0,0,1,0,179,2048,1,0,2,4,0,0,1,1,0,1,1,9,1,1,0,0,Critical,null_cipher,smtp-stream-0,SMTP,587,1,2,CIPHER-001|CERT-003
3,0,0,1,0,179,2048,1,0,2,4,0,0,1,1,0,1,1,9,1,1,0,0,Critical,null_cipher,smtp-stream-0,SMTP,587,1,2,CIPHER-001|CERT-003
3,0,0,1,0,179,2048,1,0,2,4,0,0,1,1,0,1,1,9,1,1,0,0,Critical,null_cipher,smtp-stream-0,SMTP,587,1,2,CIPHER-001|CERT-003
3,0,0,1,0,179,2048,1,0,2,4,0,0,1,1,0,1,1,9,1,1,0,0,Critical,null_cipher,smtp-stream-0,SMTP,587,1,2,CIPHER-001|CERT-003
3,0,0,1,0,179,2048,1,0,2,4,0,0,1,1,0,1,1,9,1,1,0,0,Critical,null_cipher,smtp-stream-0,SMTP,587,1,2,CIPHER-001|CERT-003
3,0,0,1,0,179,2048,1,0,2,4,0,0,1,1,0,1,1,9,1,1,0,0,Critical,null_cipher,smtp-stream-0,SMTP,587,1,2,CIPHER-001|CERT-003
3,0,0,1,0,179,2048,1,0,2,4,0,0,1,1,0,1,1,9,1,1,0,0,Critical,null_cipher,smtp-stream-0,SMTP,587,1,2,CIPHER-001|CERT-003
3,0,0,1,0,179,2048,1,0,2,4,0,0,1,1,0,1,1,9,1,1,0,0,Critical,null_cipher,smtp-stream-0,SMTP,587,1,2,CIPHER-001|CERT-003
3,0,0,1,0,179,2048,1,0,2,4,0,0,1,1,0,1,1,9,1,1,0,0,Critical,null_cipher,smtp-stream-0,SMTP,587,1,2,CIPHER-001|CERT-003
3,0,0,1,0,179,2048,1,0,2,4,0,0,1,1,0,1,1,9,1,1,0,0,Critical,null_cipher,smtp-stream-0,SMTP,587,1,2,CIPHER-001|CERT-003
3,0,0,1,0,179,2048,1,0,2,4,0,0,1,1,0,1,1,9,1,1,0,0,Critical,null_cipher,smtp-stream-0,SMTP,587,1,2,CIPHER-001|CERT-003
3,0,0,1,0,179,2048,1,0,2,4,0,0,1,1,0,1,1,9,1,1,0,0,Critical,null_cipher,smtp-stream-0,SMTP,587,1,2,CIPHER-001|CERT-003
3,0,0,1,0,179,2048,1,0,2,4,0,0,1,1,0,1,1,9,1,1,0,0,Critical,null_cipher,smtp-stream-0,SMTP,587,1,2,CIPHER-001|CERT-003
3,0,0,1,0,179,2048,1,0,2,4,0,0,1,1,0,1,1,9,1,1,0,0,Critical,null_cipher,smtp-stream-0,SMTP,587,1,2,CIPHER-001|CERT-003
3,0,0,1,0,179,2048,1,0,2,4,0,0,1,1,0,1,1,9,1,1,0,0,Critical,null_cipher,smtp-stream-0,SMTP,587,1,2,CIPHER-001|CERT-003
3,0,0,1,0,179,2048,1,0,2,4,0,0,1,1,0,1,1,9,1,1,0,0,Critical,null_cipher,smtp-stream-0,SMTP,587,1,2,CIPHER-001|CERT-003
3,0,0,1,0,179,2048,1,0,2,4,0,0,1,1,0,1,1,9,1,1,0,0,Critical,null_cipher,smtp-stream-0,SMTP,587,1,2,CIPHER-001|CERT-003
3,0,0,1,0,179,2048,1,0,2,4,0,0,1,1,0,1,1,9,1,1,0,0,Critical,null_cipher,smtp-stream-0,SMTP,587,1,2,CIPHER-001|CERT-003
3,0,0,1,0,179,2048,1,0,2,4,0,0,1,1,0,1,1,9,1,1,0,0,Critical,null_cipher,smtp-stream-0,SMTP,587,1,2,CIPHER-001|CERT-003
3,0,0,1,0,179,2048,1,0,2,4,0,0,1,1,0,1,1,9,1,1,0,0,Critical,null_cipher,smtp-stream-0,SMTP,587,1,2,CIPHER-001|CERT-003
3,0,0,1,0,179,2048,1,0,2,4,0,0,1,1,0,1,1,9,1,1,0,0,Critical,null_cipher,smtp-stream-0,SMTP,587,1,2,CIPHER-001|CERT-003
3,0,0,1,0,179,2048,1,0,2,4,0,0,1,1,0,1,1,9,1,1,0,0,Critical,null_cipher,smtp-stream-0,SMTP,587,1,2,CIPHER-001|CERT-003
3,0,0,1,0,179,2048,1,0,2,4,0,0,1,1,0,1,1,9,1,1,0,0,Critical,null_cipher,smtp-stream-0,SMTP,587,1,2,CIPHER-001|CERT-003
3,0,0,1,0,179,2048,1,0,2,4,0,0,1,1,0,1,1,9,1,1,0,0,Critical,null_cipher,smtp-stream-0,SMTP,587,1,2,CIPHER-001|CERT-003
3,0,0,1,0,179,2048,1,0,2,4,0,0,1,1,0,1,1,9,1,1,0,0,Critical,null_cipher,smtp-stream-0,SMTP,587,1,2,CIPHER-001|CERT-003
3,0,0,1,0,179,2048,1,0,2,4,0,0,1,1,0,1,1,9,1,1,0,0,Critical,null_cipher,smtp-stream-0,SMTP,587,1,2,CIPHER-001|CERT-003
3,0,0,1,0,179,2048,1,0,2,4,0,0,1,1,0,1,1,9,1,1,0,0,Critical,null_cipher,smtp-stream-0,SMTP,587,1,2,CIPHER-001|CERT-003
3,0,0,1,0,179,2048,1,0,2,4,0,0,1,1,0,1,1,9,1,1,0,0,Critical,null_cipher,smtp-stream-0,SMTP,587,1,2,CIPHER-001|CERT-003
3,0,0,1,0,179,2048,1,0,2,4,0,0,1,1,0,1,1,9,1,1,0,0,Critical,null_cipher,smtp-stream-0,SMTP,587,1,2,CIPHER-001|CERT-003
3,0,0,1,0,179,2048,1,0,2,4,0,0,1,1,0,1,1,9,1,1,0,0,Critical,null_cipher,smtp-stream-0,SMTP,587,1,2,CIPHER-001|CERT-003
3,0,0,1,0,179,2048,1,0,2,4,0,0,1,1,0,1,1,9,1,1,0,0,Critical,null_cipher,smtp-stream-0,SMTP,587,1,2,CIPHER-001|CERT-003
3,0,0,1,0,179,2048,1,0,2,4,0,0,1,1,0,1,1,9,1,1,0,0,Critical,null_cipher,smtp-stream-0,SMTP,587,1,2,CIPHER-001|CERT-003
3,0,0,1,0,179,2048,1,0,2,4,0,0,1,1,0,1,1,9,1,1,0,0,Critical,null_cipher,smtp-stream-0,SMTP,587,1,2,CIPHER-001|CERT-003
3,0,0,1,0,179,2048,1,0,2,4,0,0,1,1,0,1,1,9,1,1,0,0,Critical,null_cipher,smtp-stream-0,SMTP,587,1,2,CIPHER-001|CERT-003
3,0,0,1,0,179,2048,1,0,2,4,0,0,1,1,0,1,1,9,1,1,0,0,Critical,null_cipher,smtp-stream-0,SMTP,587,1,2,CIPHER-001|CERT-003
3,0,0,1,0,179,2048,1,0,2,4,0,0,1,1,0,1,1,9,1,1,0,0,Critical,null_cipher,smtp-stream-0,SMTP,587,1,2,CIPHER-001|CERT-003
1,0,0,1,0,179,2048,1,0,4,4,0,0,1,1,0,1,1,9,1,1,0,0,Critical,des_cipher,smtp-stream-0,SMTP,587,1,4,TLS-002|CIPHER-001|CIPHER-002|CERT-003
1,0,0,1,0,179,2048,1,0,4,4,0,0,1,1,0,1,1,9,1,1,0,0,Critical,des_cipher,smtp-stream-0,SMTP,587,1,4,TLS-002|CIPHER-001|CIPHER-002|CERT-003
1,0,0,1,0,179,2048,1,0,4,4,0,0,1,1,0,1,1,9,1,1,0,0,Critical,des_cipher,smtp-stream-0,SMTP,587,1,4,TLS-002|CIPHER-001|CIPHER-002|CERT-003
1,0,0,1,0,179,2048,1,0,4,4,0,0,1,1,0,1,1,9,1,1,0,0,Critical,des_cipher,smtp-stream-0,SMTP,587,1,4,TLS-002|CIPHER-001|CIPHER-002|CERT-003
1,0,0,1,0,179,2048,1,0,4,4,0,0,1,1,0,1,1,9,1,1,0,0,Critical,des_cipher,smtp-stream-0,SMTP,587,1,4,TLS-002|CIPHER-001|CIPHER-002|CERT-003
1,0,0,1,0,179,2048,1,0,4,4,0,0,1,1,0,1,1,9,1,1,0,0,Critical,des_cipher,smtp-stream-0,SMTP,587,1,4,TLS-002|CIPHER-001|CIPHER-002|CERT-003
1,0,0,1,0,179,2048,1,0,4,4,0,0,1,1,0,1,1,9,1,1,0,0,Critical,des_cipher,smtp-stream-0,SMTP,587,1,4,TLS-002|CIPHER-001|CIPHER-002|CERT-003
1,0,0,1,0,179,2048,1,0,4,4,0,0,1,1,0,1,1,9,1,1,0,0,Critical,des_cipher,smtp-stream-0,SMTP,587,1,4,TLS-002|CIPHER-001|CIPHER-002|CERT-003
1,0,0,1,0,179,2048,1,0,4,4,0,0,1,1,0,1,1,9,1,1,0,0,Critical,des_cipher,smtp-stream-0,SMTP,587,1,4,TLS-002|CIPHER-001|CIPHER-002|CERT-003
1,0,0,1,0,179,2048,1,0,4,4,0,0,1,1,0,1,1,9,1,1,0,0,Critical,des_cipher,smtp-stream-0,SMTP,587,1,4,TLS-002|CIPHER-001|CIPHER-002|CERT-003
1,0,0,1,0,179,2048,1,0,4,4,0,0,1,1,0,1,1,9,1,1,0,0,Critical,des_cipher,smtp-stream-0,SMTP,587,1,4,TLS-002|CIPHER-001|CIPHER-002|CERT-003
1,0,0,1,0,179,2048,1,0,4,4,0,0,1,1,0,1,1,9,1,1,0,0,Critical,des_cipher,smtp-stream-0,SMTP,587,1,4,TLS-002|CIPHER-001|CIPHER-002|CERT-003
1,0,0,1,0,179,2048,1,0,4,4,0,0,1,1,0,1,1,9,1,1,0,0,Critical,des_cipher,smtp-stream-0,SMTP,587,1,4,TLS-002|CIPHER-001|CIPHER-002|CERT-003
1,0,0,1,0,179,2048,1,0,4,4,0,0,1,1,0,1,1,9,1,1,0,0,Critical,des_cipher,smtp-stream-0,SMTP,587,1,4,TLS-002|CIPHER-001|CIPHER-002|CERT-003
1,0,0,1,0,179,2048,1,0,4,4,0,0,1,1,0,1,1,9,1,1,0,0,Critical,des_cipher,smtp-stream-0,SMTP,587,1,4,TLS-002|CIPHER-001|CIPHER-002|CERT-003
1,0,0,1,0,179,2048,1,0,4,4,0,0,1,1,0,1,1,9,1,1,0,0,Critical,des_cipher,smtp-stream-0,SMTP,587,1,4,TLS-002|CIPHER-001|CIPHER-002|CERT-003
1,0,0,1,0,179,2048,1,0,4,4,0,0,1,1,0,1,1,9,1,1,0,0,Critical,des_cipher,smtp-stream-0,SMTP,587,1,4,TLS-002|CIPHER-001|CIPHER-002|CERT-003
1,0,0,1,0,179,2048,1,0,4,4,0,0,1,1,0,1,1,9,1,1,0,0,Critical,des_cipher,smtp-stream-0,SMTP,587,1,4,TLS-002|CIPHER-001|CIPHER-002|CERT-003
1,0,0,1,0,179,2048,1,0,4,4,0,0,1,1,0,1,1,9,1,1,0,0,Critical,des_cipher,smtp-stream-0,SMTP,587,1,4,TLS-002|CIPHER-001|CIPHER-002|CERT-003
1,0,0,1,0,179,2048,1,0,4,4,0,0,1,1,0,1,1,9,1,1,0,0,Critical,des_cipher,smtp-stream-0,SMTP,587,1,4,TLS-002|CIPHER-001|CIPHER-002|CERT-003
1,0,0,1,0,179,2048,1,0,4,4,0,0,1,1,0,1,1,9,1,1,0,0,Critical,des_cipher,smtp-stream-0,SMTP,587,1,4,TLS-002|CIPHER-001|CIPHER-002|CERT-003
1,0,0,1,0,179,2048,1,0,4,4,0,0,1,1,0,1,1,9,1,1,0,0,Critical,des_cipher,smtp-stream-0,SMTP,587,1,4,TLS-002|CIPHER-001|CIPHER-002|CERT-003
1,0,0,1,0,179,2048,1,0,4,4,0,0,1,1,0,1,1,9,1,1,0,0,Critical,des_cipher,smtp-stream-0,SMTP,587,1,4,TLS-002|CIPHER-001|CIPHER-002|CERT-003
1,0,0,1,0,179,2048,1,0,4,4,0,0,1,1,0,1,1,9,1,1,0,0,Critical,des_cipher,smtp-stream-0,SMTP,587,1,4,TLS-002|CIPHER-001|CIPHER-002|CERT-003
1,0,0,1,0,179,2048,1,0,4,4,0,0,1,1,0,1,1,9,1,1,0,0,Critical,des_cipher,smtp-stream-0,SMTP,587,1,4,TLS-002|CIPHER-001|CIPHER-002|CERT-003
1,0,0,1,0,179,2048,1,0,4,4,0,0,1,1,0,1,1,9,1,1,0,0,Critical,des_cipher,smtp-stream-0,SMTP,587,1,4,TLS-002|CIPHER-001|CIPHER-002|CERT-003
1,0,0,1,0,179,2048,1,0,4,4,0,0,1,1,0,1,1,9,1,1,0,0,Critical,des_cipher,smtp-stream-0,SMTP,587,1,4,TLS-002|CIPHER-001|CIPHER-002|CERT-003
1,0,0,1,0,179,2048,1,0,4,4,0,0,1,1,0,1,1,9,1,1,0,0,Critical,des_cipher,smtp-stream-0,SMTP,587,1,4,TLS-002|CIPHER-001|CIPHER-002|CERT-003
1,0,0,1,0,179,2048,1,0,4,4,0,0,1,1,0,1,1,9,1,1,0,0,Critical,des_cipher,smtp-stream-0,SMTP,587,1,4,TLS-002|CIPHER-001|CIPHER-002|CERT-003
1,0,0,1,0,179,2048,1,0,4,4,0,0,1,1,0,1,1,9,1,1,0,0,Critical,des_cipher,smtp-stream-0,SMTP,587,1,4,TLS-002|CIPHER-001|CIPHER-002|CERT-003
1,0,0,1,0,179,2048,1,0,4,4,0,0,1,1,0,1,1,9,1,1,0,0,Critical,des_cipher,smtp-stream-0,SMTP,587,1,4,TLS-002|CIPHER-001|CIPHER-002|CERT-003
1,0,0,1,0,179,2048,1,0,4,4,0,0,1,1,0,1,1,9,1,1,0,0,Critical,des_cipher,smtp-stream-0,SMTP,587,1,4,TLS-002|CIPHER-001|CIPHER-002|CERT-003
1,0,0,1,0,179,2048,1,0,4,4,0,0,1,1,0,1,1,9,1,1,0,0,Critical,des_cipher,smtp-stream-0,SMTP,587,1,4,TLS-002|CIPHER-001|CIPHER-002|CERT-003
1,0,0,1,0,179,2048,1,0,4,4,0,0,1,1,0,1,1,9,1,1,0,0,Critical,des_cipher,smtp-stream-0,SMTP,587,1,4,TLS-002|CIPHER-001|CIPHER-002|CERT-003
1,0,0,1,0,179,2048,1,0,4,4,0,0,1,1,0,1,1,9,1,1,0,0,Critical,des_cipher,smtp-stream-0,SMTP,587,1,4,TLS-002|CIPHER-001|CIPHER-002|CERT-003
1,0,0,1,0,179,2048,1,0,4,4,0,0,1,1,0,1,1,9,1,1,0,0,Critical,des_cipher,smtp-stream-0,SMTP,587,1,4,TLS-002|CIPHER-001|CIPHER-002|CERT-003
1,0,0,1,0,179,2048,1,0,4,4,0,0,1,1,0,1,1,9,1,1,0,0,Critical,des_cipher,smtp-stream-0,SMTP,587,1,4,TLS-002|CIPHER-001|CIPHER-002|CERT-003
1,0,0,1,0,179,2048,1,0,4,4,0,0,1,1,0,1,1,9,1,1,0,0,Critical,des_cipher,smtp-stream-0,SMTP,587,1,4,TLS-002|CIPHER-001|CIPHER-002|CERT-003
1,0,0,1,0,179,2048,1,0,4,4,0,0,1,1,0,1,1,9,1,1,0,0,Critical,des_cipher,smtp-stream-0,SMTP,587,1,4,TLS-002|CIPHER-001|CIPHER-002|CERT-003
1,0,0,1,0,179,2048,1,0,4,4,0,0,1,1,0,1,1,9,1,1,0,0,Critical,des_cipher,smtp-stream-0,SMTP,587,1,4,TLS-002|CIPHER-001|CIPHER-002|CERT-003
1,0,0,1,0,179,2048,1,0,4,4,0,0,1,1,0,1,1,9,1,1,0,0,Critical,des_cipher,smtp-stream-0,SMTP,587,1,4,TLS-002|CIPHER-001|CIPHER-002|CERT-003
1,0,0,1,0,179,2048,1,0,4,4,0,0,1,1,0,1,1,9,1,1,0,0,Critical,des_cipher,smtp-stream-0,SMTP,587,1,4,TLS-002|CIPHER-001|CIPHER-002|CERT-003
1,0,0,1,0,179,2048,1,0,4,4,0,0,1,1,0,1,1,9,1,1,0,0,Critical,des_cipher,smtp-stream-0,SMTP,587,1,4,TLS-002|CIPHER-001|CIPHER-002|CERT-003
1,0,0,1,0,179,2048,1,0,4,4,0,0,1,1,0,1,1,9,1,1,0,0,Critical,des_cipher,smtp-stream-0,SMTP,587,1,4,TLS-002|CIPHER-001|CIPHER-002|CERT-003
1,0,0,1,0,179,2048,1,0,4,4,0,0,1,1,0,1,1,9,1,1,0,0,Critical,des_cipher,smtp-stream-0,SMTP,587,1,4,TLS-002|CIPHER-001|CIPHER-002|CERT-003
1,0,0,1,0,179,2048,1,0,4,4,0,0,1,1,0,1,1,9,1,1,0,0,Critical,des_cipher,smtp-stream-0,SMTP,587,1,4,TLS-002|CIPHER-001|CIPHER-002|CERT-003
1,0,0,1,0,179,2048,1,0,4,4,0,0,1,1,0,1,1,9,1,1,0,0,Critical,des_cipher,smtp-stream-0,SMTP,587,1,4,TLS-002|CIPHER-001|CIPHER-002|CERT-003
1,0,0,1,0,179,2048,1,0,4,4,0,0,1,1,0,1,1,9,1,1,0,0,Critical,des_cipher,smtp-stream-0,SMTP,587,1,4,TLS-002|CIPHER-001|CIPHER-002|CERT-003
1,0,0,1,0,179,2048,1,0,4,4,0,0,1,1,0,1,1,9,1,1,0,0,Critical,des_cipher,smtp-stream-0,SMTP,587,1,4,TLS-002|CIPHER-001|CIPHER-002|CERT-003
1,0,0,1,0,179,2048,1,0,4,4,0,0,1,1,0,1,1,9,1,1,0,0,Critical,des_cipher,smtp-stream-0,SMTP,587,1,4,TLS-002|CIPHER-001|CIPHER-002|CERT-003
4,3,1,1,0,0,0,0,0,0,0,0,0,1,1,0,1,1,8,0,-1,1,0,Low,tls13_alt,smtp-stream-0,SMTP,587,0,0,
4,3,1,1,0,0,0,0,0,0,0,0,0,1,1,0,1,1,8,0,-1,1,0,Low,tls13_alt,smtp-stream-0,SMTP,587,0,0,
4,3,1,1,0,0,0,0,0,0,0,0,0,1,1,0,1,1,8,0,-1,1,0,Low,tls13_alt,smtp-stream-0,SMTP,587,0,0,
4,3,1,1,0,0,0,0,0,0,0,0,0,1,1,0,1,1,8,0,-1,1,0,Low,tls13_alt,smtp-stream-0,SMTP,587,0,0,
4,3,1,1,0,0,0,0,0,0,0,0,0,1,1,0,1,1,8,0,-1,1,0,Low,tls13_alt,smtp-stream-0,SMTP,587,0,0,
4,3,1,1,0,0,0,0,0,0,0,0,0,1,1,0,1,1,8,0,-1,1,0,Low,tls13_alt,smtp-stream-0,SMTP,587,0,0,
4,3,1,1,0,0,0,0,0,0,0,0,0,1,1,0,1,1,8,0,-1,1,0,Low,tls13_alt,smtp-stream-0,SMTP,587,0,0,
4,3,1,1,0,0,0,0,0,0,0,0,0,1,1,0,1,1,8,0,-1,1,0,Low,tls13_alt,smtp-stream-0,SMTP,587,0,0,
4,3,1,1,0,0,0,0,0,0,0,0,0,1,1,0,1,1,8,0,-1,1,0,Low,tls13_alt,smtp-stream-0,SMTP,587,0,0,
4,3,1,1,0,0,0,0,0,0,0,0,0,1,1,0,1,1,8,0,-1,1,0,Low,tls13_alt,smtp-stream-0,SMTP,587,0,0,
4,3,1,1,0,0,0,0,0,0,0,0,0,1,1,0,1,1,8,0,-1,1,0,Low,tls13_alt,smtp-stream-0,SMTP,587,0,0,
4,3,1,1,0,0,0,0,0,0,0,0,0,1,1,0,1,1,8,0,-1,1,0,Low,tls13_alt,smtp-stream-0,SMTP,587,0,0,
4,3,1,1,0,0,0,0,0,0,0,0,0,1,1,0,1,1,8,0,-1,1,0,Low,tls13_alt,smtp-stream-0,SMTP,587,0,0,
4,3,1,1,0,0,0,0,0,0,0,0,0,1,1,0,1,1,8,0,-1,1,0,Low,tls13_alt,smtp-stream-0,SMTP,587,0,0,
4,3,1,1,0,0,0,0,0,0,0,0,0,1,1,0,1,1,8,0,-1,1,0,Low,tls13_alt,smtp-stream-0,SMTP,587,0,0,
4,3,1,1,0,0,0,0,0,0,0,0,0,1,1,0,1,1,8,0,-1,1,0,Low,tls13_alt,smtp-stream-0,SMTP,587,0,0,
4,3,1,1,0,0,0,0,0,0,0,0,0,1,1,0,1,1,8,0,-1,1,0,Low,tls13_alt,smtp-stream-0,SMTP,587,0,0,
4,3,1,1,0,0,0,0,0,0,0,0,0,1,1,0,1,1,8,0,-1,1,0,Low,tls13_alt,smtp-stream-0,SMTP,587,0,0,
4,3,1,1,0,0,0,0,0,0,0,0,0,1,1,0,1,1,8,0,-1,1,0,Low,tls13_alt,smtp-stream-0,SMTP,587,0,0,
4,3,1,1,0,0,0,0,0,0,0,0,0,1,1,0,1,1,8,0,-1,1,0,Low,tls13_alt,smtp-stream-0,SMTP,587,0,0,
4,3,1,1,0,0,0,0,0,0,0,0,0,1,1,0,1,1,8,0,-1,1,0,Low,tls13_alt,smtp-stream-0,SMTP,587,0,0,
4,3,1,1,0,0,0,0,0,0,0,0,0,1,1,0,1,1,8,0,-1,1,0,Low,tls13_alt,smtp-stream-0,SMTP,587,0,0,
4,3,1,1,0,0,0,0,0,0,0,0,0,1,1,0,1,1,8,0,-1,1,0,Low,tls13_alt,smtp-stream-0,SMTP,587,0,0,
4,3,1,1,0,0,0,0,0,0,0,0,0,1,1,0,1,1,8,0,-1,1,0,Low,tls13_alt,smtp-stream-0,SMTP,587,0,0,
4,3,1,1,0,0,0,0,0,0,0,0,0,1,1,0,1,1,8,0,-1,1,0,Low,tls13_alt,smtp-stream-0,SMTP,587,0,0,
4,3,1,1,0,0,0,0,0,0,0,0,0,1,1,0,1,1,8,0,-1,1,0,Low,tls13_alt,smtp-stream-0,SMTP,587,0,0,
4,3,1,1,0,0,0,0,0,0,0,0,0,1,1,0,1,1,8,0,-1,1,0,Low,tls13_alt,smtp-stream-0,SMTP,587,0,0,
4,3,1,1,0,0,0,0,0,0,0,0,0,1,1,0,1,1,8,0,-1,1,0,Low,tls13_alt,smtp-stream-0,SMTP,587,0,0,
4,3,1,1,0,0,0,0,0,0,0,0,0,1,1,0,1,1,8,0,-1,1,0,Low,tls13_alt,smtp-stream-0,SMTP,587,0,0,
4,3,1,1,0,0,0,0,0,0,0,0,0,1,1,0,1,1,8,0,-1,1,0,Low,tls13_alt,smtp-stream-0,SMTP,587,0,0,
4,3,1,1,0,0,0,0,0,0,0,0,0,1,1,0,1,1,8,0,-1,1,0,Low,tls13_alt,smtp-stream-0,SMTP,587,0,0,
4,3,1,1,0,0,0,0,0,0,0,0,0,1,1,0,1,1,8,0,-1,1,0,Low,tls13_alt,smtp-stream-0,SMTP,587,0,0,
4,3,1,1,0,0,0,0,0,0,0,0,0,1,1,0,1,1,8,0,-1,1,0,Low,tls13_alt,smtp-stream-0,SMTP,587,0,0,
4,3,1,1,0,0,0,0,0,0,0,0,0,1,1,0,1,1,8,0,-1,1,0,Low,tls13_alt,smtp-stream-0,SMTP,587,0,0,
4,3,1,1,0,0,0,0,0,0,0,0,0,1,1,0,1,1,8,0,-1,1,0,Low,tls13_alt,smtp-stream-0,SMTP,587,0,0,
4,3,1,1,0,0,0,0,0,0,0,0,0,1,1,0,1,1,8,0,-1,1,0,Low,tls13_alt,smtp-stream-0,SMTP,587,0,0,
4,3,1,1,0,0,0,0,0,0,0,0,0,1,1,0,1,1,8,0,-1,1,0,Low,tls13_alt,smtp-stream-0,SMTP,587,0,0,
4,3,1,1,0,0,0,0,0,0,0,0,0,1,1,0,1,1,8,0,-1,1,0,Low,tls13_alt,smtp-stream-0,SMTP,587,0,0,
4,3,1,1,0,0,0,0,0,0,0,0,0,1,1,0,1,1,8,0,-1,1,0,Low,tls13_alt,smtp-stream-0,SMTP,587,0,0,
4,3,1,1,0,0,0,0,0,0,0,0,0,1,1,0,1,1,8,0,-1,1,0,Low,tls13_alt,smtp-stream-0,SMTP,587,0,0,
4,3,1,1,0,0,0,0,0,0,0,0,0,1,1,0,1,1,8,0,-1,1,0,Low,tls13_alt,smtp-stream-0,SMTP,587,0,0,
4,3,1,1,0,0,0,0,0,0,0,0,0,1,1,0,1,1,8,0,-1,1,0,Low,tls13_alt,smtp-stream-0,SMTP,587,0,0,
4,3,1,1,0,0,0,0,0,0,0,0,0,1,1,0,1,1,8,0,-1,1,0,Low,tls13_alt,smtp-stream-0,SMTP,587,0,0,
4,3,1,1,0,0,0,0,0,0,0,0,0,1,1,0,1,1,8,0,-1,1,0,Low,tls13_alt,smtp-stream-0,SMTP,587,0,0,
4,3,1,1,0,0,0,0,0,0,0,0,0,1,1,0,1,1,8,0,-1,1,0,Low,tls13_alt,smtp-stream-0,SMTP,587,0,0,
4,3,1,1,0,0,0,0,0,0,0,0,0,1,1,0,1,1,8,0,-1,1,0,Low,tls13_alt,smtp-stream-0,SMTP,587,0,0,
4,3,1,1,0,0,0,0,0,0,0,0,0,1,1,0,1,1,8,0,-1,1,0,Low,tls13_alt,smtp-stream-0,SMTP,587,0,0,
4,3,1,1,0,0,0,0,0,0,0,0,0,1,1,0,1,1,8,0,-1,1,0,Low,tls13_alt,smtp-stream-0,SMTP,587,0,0,
4,3,1,1,0,0,0,0,0,0,0,0,0,1,1,0,1,1,8,0,-1,1,0,Low,tls13_alt,smtp-stream-0,SMTP,587,0,0,
4,3,1,1,0,0,0,0,0,0,0,0,0,1,1,0,1,1,8,0,-1,1,0,Low,tls13_alt,smtp-stream-0,SMTP,587,0,0,
4,3,1,0,0,0,0,0,0,0,0,0,1,0,0,0,1,1,2,0,-1,1,0,Low,smtps_hardened,smtp-stream-0,SMTP,465,0,0,
4,3,1,0,0,0,0,0,0,0,0,0,1,0,0,0,1,1,2,0,-1,1,0,Low,smtps_hardened,smtp-stream-0,SMTP,465,0,0,
4,3,1,0,0,0,0,0,0,0,0,0,1,0,0,0,1,1,2,0,-1,1,0,Low,smtps_hardened,smtp-stream-0,SMTP,465,0,0,
4,3,1,0,0,0,0,0,0,0,0,0,1,0,0,0,1,1,2,0,-1,1,0,Low,smtps_hardened,smtp-stream-0,SMTP,465,0,0,
4,3,1,0,0,0,0,0,0,0,0,0,1,0,0,0,1,1,2,0,-1,1,0,Low,smtps_hardened,smtp-stream-0,SMTP,465,0,0,
4,3,1,0,0,0,0,0,0,0,0,0,1,0,0,0,1,1,2,0,-1,1,0,Low,smtps_hardened,smtp-stream-0,SMTP,465,0,0,
4,3,1,0,0,0,0,0,0,0,0,0,1,0,0,0,1,1,2,0,-1,1,0,Low,smtps_hardened,smtp-stream-0,SMTP,465,0,0,
4,3,1,0,0,0,0,0,0,0,0,0,1,0,0,0,1,1,2,0,-1,1,0,Low,smtps_hardened,smtp-stream-0,SMTP,465,0,0,
4,3,1,0,0,0,0,0,0,0,0,0,1,0,0,0,1,1,2,0,-1,1,0,Low,smtps_hardened,smtp-stream-0,SMTP,465,0,0,
4,3,1,0,0,0,0,0,0,0,0,0,1,0,0,0,1,1,2,0,-1,1,0,Low,smtps_hardened,smtp-stream-0,SMTP,465,0,0,
4,3,1,0,0,0,0,0,0,0,0,0,1,0,0,0,1,1,2,0,-1,1,0,Low,smtps_hardened,smtp-stream-0,SMTP,465,0,0,
4,3,1,0,0,0,0,0,0,0,0,0,1,0,0,0,1,1,2,0,-1,1,0,Low,smtps_hardened,smtp-stream-0,SMTP,465,0,0,
4,3,1,0,0,0,0,0,0,0,0,0,1,0,0,0,1,1,2,0,-1,1,0,Low,smtps_hardened,smtp-stream-0,SMTP,465,0,0,
4,3,1,0,0,0,0,0,0,0,0,0,1,0,0,0,1,1,2,0,-1,1,0,Low,smtps_hardened,smtp-stream-0,SMTP,465,0,0,
4,3,1,0,0,0,0,0,0,0,0,0,1,0,0,0,1,1,2,0,-1,1,0,Low,smtps_hardened,smtp-stream-0,SMTP,465,0,0,
4,3,1,0,0,0,0,0,0,0,0,0,1,0,0,0,1,1,2,0,-1,1,0,Low,smtps_hardened,smtp-stream-0,SMTP,465,0,0,
4,3,1,0,0,0,0,0,0,0,0,0,1,0,0,0,1,1,2,0,-1,1,0,Low,smtps_hardened,smtp-stream-0,SMTP,465,0,0,
4,3,1,0,0,0,0,0,0,0,0,0,1,0,0,0,1,1,2,0,-1,1,0,Low,smtps_hardened,smtp-stream-0,SMTP,465,0,0,
4,3,1,0,0,0,0,0,0,0,0,0,1,0,0,0,1,1,2,0,-1,1,0,Low,smtps_hardened,smtp-stream-0,SMTP,465,0,0,
4,3,1,0,0,0,0,0,0,0,0,0,1,0,0,0,1,1,2,0,-1,1,0,Low,smtps_hardened,smtp-stream-0,SMTP,465,0,0,
4,3,1,0,0,0,0,0,0,0,0,0,1,0,0,0,1,1,2,0,-1,1,0,Low,smtps_hardened,smtp-stream-0,SMTP,465,0,0,
4,3,1,0,0,0,0,0,0,0,0,0,1,0,0,0,1,1,2,0,-1,1,0,Low,smtps_hardened,smtp-stream-0,SMTP,465,0,0,
4,3,1,0,0,0,0,0,0,0,0,0,1,0,0,0,1,1,2,0,-1,1,0,Low,smtps_hardened,smtp-stream-0,SMTP,465,0,0,
4,3,1,0,0,0,0,0,0,0,0,0,1,0,0,0,1,1,2,0,-1,1,0,Low,smtps_hardened,smtp-stream-0,SMTP,465,0,0,
4,3,1,0,0,0,0,0,0,0,0,0,1,0,0,0,1,1,2,0,-1,1,0,Low,smtps_hardened,smtp-stream-0,SMTP,465,0,0,
4,3,1,0,0,0,0,0,0,0,0,0,1,0,0,0,1,1,2,0,-1,1,0,Low,smtps_hardened,smtp-stream-0,SMTP,465,0,0,
4,3,1,0,0,0,0,0,0,0,0,0,1,0,0,0,1,1,2,0,-1,1,0,Low,smtps_hardened,smtp-stream-0,SMTP,465,0,0,
4,3,1,0,0,0,0,0,0,0,0,0,1,0,0,0,1,1,2,0,-1,1,0,Low,smtps_hardened,smtp-stream-0,SMTP,465,0,0,
4,3,1,0,0,0,0,0,0,0,0,0,1,0,0,0,1,1,2,0,-1,1,0,Low,smtps_hardened,smtp-stream-0,SMTP,465,0,0,
4,3,1,0,0,0,0,0,0,0,0,0,1,0,0,0,1,1,2,0,-1,1,0,Low,smtps_hardened,smtp-stream-0,SMTP,465,0,0,
4,3,1,0,0,0,0,0,0,0,0,0,1,0,0,0,1,1,2,0,-1,1,0,Low,smtps_hardened,smtp-stream-0,SMTP,465,0,0,
4,3,1,0,0,0,0,0,0,0,0,0,1,0,0,0,1,1,2,0,-1,1,0,Low,smtps_hardened,smtp-stream-0,SMTP,465,0,0,
4,3,1,0,0,0,0,0,0,0,0,0,1,0,0,0,1,1,2,0,-1,1,0,Low,smtps_hardened,smtp-stream-0,SMTP,465,0,0,
4,3,1,0,0,0,0,0,0,0,0,0,1,0,0,0,1,1,2,0,-1,1,0,Low,smtps_hardened,smtp-stream-0,SMTP,465,0,0,
4,3,1,0,0,0,0,0,0,0,0,0,1,0,0,0,1,1,2,0,-1,1,0,Low,smtps_hardened,smtp-stream-0,SMTP,465,0,0,
4,3,1,0,0,0,0,0,0,0,0,0,1,0,0,0,1,1,2,0,-1,1,0,Low,smtps_hardened,smtp-stream-0,SMTP,465,0,0,
4,3,1,0,0,0,0,0,0,0,0,0,1,0,0,0,1,1,2,0,-1,1,0,Low,smtps_hardened,smtp-stream-0,SMTP,465,0,0,
4,3,1,0,0,0,0,0,0,0,0,0,1,0,0,0,1,1,2,0,-1,1,0,Low,smtps_hardened,smtp-stream-0,SMTP,465,0,0,
4,3,1,0,0,0,0,0,0,0,0,0,1,0,0,0,1,1,2,0,-1,1,0,Low,smtps_hardened,smtp-stream-0,SMTP,465,0,0,
4,3,1,0,0,0,0,0,0,0,0,0,1,0,0,0,1,1,2,0,-1,1,0,Low,smtps_hardened,smtp-stream-0,SMTP,465,0,0,
4,3,1,0,0,0,0,0,0,0,0,0,1,0,0,0,1,1,2,0,-1,1,0,Low,smtps_hardened,smtp-stream-0,SMTP,465,0,0,
4,3,1,0,0,0,0,0,0,0,0,0,1,0,0,0,1,1,2,0,-1,1,0,Low,smtps_hardened,smtp-stream-0,SMTP,465,0,0,
4,3,1,0,0,0,0,0,0,0,0,0,1,0,0,0,1,1,2,0,-1,1,0,Low,smtps_hardened,smtp-stream-0,SMTP,465,0,0,
4,3,1,0,0,0,0,0,0,0,0,0,1,0,0,0,1,1,2,0,-1,1,0,Low,smtps_hardened,smtp-stream-0,SMTP,465,0,0,
4,3,1,0,0,0,0,0,0,0,0,0,1,0,0,0,1,1,2,0,-1,1,0,Low,smtps_hardened,smtp-stream-0,SMTP,465,0,0,
4,3,1,0,0,0,0,0,0,0,0,0,1,0,0,0,1,1,2,0,-1,1,0,Low,smtps_hardened,smtp-stream-0,SMTP,465,0,0,
4,3,1,0,0,0,0,0,0,0,0,0,1,0,0,0,1,1,2,0,-1,1,0,Low,smtps_hardened,smtp-stream-0,SMTP,465,0,0,
4,3,1,0,0,0,0,0,0,0,0,0,1,0,0,0,1,1,2,0,-1,1,0,Low,smtps_hardened,smtp-stream-0,SMTP,465,0,0,
4,3,1,0,0,0,0,0,0,0,0,0,1,0,0,0,1,1,2,0,-1,1,0,Low,smtps_hardened,smtp-stream-0,SMTP,465,0,0,
4,3,1,0,0,0,0,0,0,0,0,0,1,0,0,0,1,1,2,0,-1,1,0,Low,smtps_hardened,smtp-stream-0,SMTP,465,0,0,
4,3,1,0,0,0,0,0,0,0,0,1,1,0,0,0,1,1,2,0,-1,1,0,Low,imaps_hardened,imap-stream-0,IMAP,993,0,0,
4,3,1,0,0,0,0,0,0,0,0,1,1,0,0,0,1,1,2,0,-1,1,0,Low,imaps_hardened,imap-stream-0,IMAP,993,0,0,
4,3,1,0,0,0,0,0,0,0,0,1,1,0,0,0,1,1,2,0,-1,1,0,Low,imaps_hardened,imap-stream-0,IMAP,993,0,0,
4,3,1,0,0,0,0,0,0,0,0,1,1,0,0,0,1,1,2,0,-1,1,0,Low,imaps_hardened,imap-stream-0,IMAP,993,0,0,
4,3,1,0,0,0,0,0,0,0,0,1,1,0,0,0,1,1,2,0,-1,1,0,Low,imaps_hardened,imap-stream-0,IMAP,993,0,0,
4,3,1,0,0,0,0,0,0,0,0,1,1,0,0,0,1,1,2,0,-1,1,0,Low,imaps_hardened,imap-stream-0,IMAP,993,0,0,
4,3,1,0,0,0,0,0,0,0,0,1,1,0,0,0,1,1,2,0,-1,1,0,Low,imaps_hardened,imap-stream-0,IMAP,993,0,0,
4,3,1,0,0,0,0,0,0,0,0,1,1,0,0,0,1,1,2,0,-1,1,0,Low,imaps_hardened,imap-stream-0,IMAP,993,0,0,
4,3,1,0,0,0,0,0,0,0,0,1,1,0,0,0,1,1,2,0,-1,1,0,Low,imaps_hardened,imap-stream-0,IMAP,993,0,0,
4,3,1,0,0,0,0,0,0,0,0,1,1,0,0,0,1,1,2,0,-1,1,0,Low,imaps_hardened,imap-stream-0,IMAP,993,0,0,
4,3,1,0,0,0,0,0,0,0,0,1,1,0,0,0,1,1,2,0,-1,1,0,Low,imaps_hardened,imap-stream-0,IMAP,993,0,0,
4,3,1,0,0,0,0,0,0,0,0,1,1,0,0,0,1,1,2,0,-1,1,0,Low,imaps_hardened,imap-stream-0,IMAP,993,0,0,
4,3,1,0,0,0,0,0,0,0,0,1,1,0,0,0,1,1,2,0,-1,1,0,Low,imaps_hardened,imap-stream-0,IMAP,993,0,0,
4,3,1,0,0,0,0,0,0,0,0,1,1,0,0,0,1,1,2,0,-1,1,0,Low,imaps_hardened,imap-stream-0,IMAP,993,0,0,
4,3,1,0,0,0,0,0,0,0,0,1,1,0,0,0,1,1,2,0,-1,1,0,Low,imaps_hardened,imap-stream-0,IMAP,993,0,0,
4,3,1,0,0,0,0,0,0,0,0,1,1,0,0,0,1,1,2,0,-1,1,0,Low,imaps_hardened,imap-stream-0,IMAP,993,0,0,
4,3,1,0,0,0,0,0,0,0,0,1,1,0,0,0,1,1,2,0,-1,1,0,Low,imaps_hardened,imap-stream-0,IMAP,993,0,0,
4,3,1,0,0,0,0,0,0,0,0,1,1,0,0,0,1,1,2,0,-1,1,0,Low,imaps_hardened,imap-stream-0,IMAP,993,0,0,
4,3,1,0,0,0,0,0,0,0,0,1,1,0,0,0,1,1,2,0,-1,1,0,Low,imaps_hardened,imap-stream-0,IMAP,993,0,0,
4,3,1,0,0,0,0,0,0,0,0,1,1,0,0,0,1,1,2,0,-1,1,0,Low,imaps_hardened,imap-stream-0,IMAP,993,0,0,
4,3,1,0,0,0,0,0,0,0,0,1,1,0,0,0,1,1,2,0,-1,1,0,Low,imaps_hardened,imap-stream-0,IMAP,993,0,0,
4,3,1,0,0,0,0,0,0,0,0,1,1,0,0,0,1,1,2,0,-1,1,0,Low,imaps_hardened,imap-stream-0,IMAP,993,0,0,
4,3,1,0,0,0,0,0,0,0,0,1,1,0,0,0,1,1,2,0,-1,1,0,Low,imaps_hardened,imap-stream-0,IMAP,993,0,0,
4,3,1,0,0,0,0,0,0,0,0,1,1,0,0,0,1,1,2,0,-1,1,0,Low,imaps_hardened,imap-stream-0,IMAP,993,0,0,
4,3,1,0,0,0,0,0,0,0,0,1,1,0,0,0,1,1,2,0,-1,1,0,Low,imaps_hardened,imap-stream-0,IMAP,993,0,0,
4,3,1,0,0,0,0,0,0,0,0,1,1,0,0,0,1,1,2,0,-1,1,0,Low,imaps_hardened,imap-stream-0,IMAP,993,0,0,
4,3,1,0,0,0,0,0,0,0,0,1,1,0,0,0,1,1,2,0,-1,1,0,Low,imaps_hardened,imap-stream-0,IMAP,993,0,0,
4,3,1,0,0,0,0,0,0,0,0,1,1,0,0,0,1,1,2,0,-1,1,0,Low,imaps_hardened,imap-stream-0,IMAP,993,0,0,
4,3,1,0,0,0,0,0,0,0,0,1,1,0,0,0,1,1,2,0,-1,1,0,Low,imaps_hardened,imap-stream-0,IMAP,993,0,0,
4,3,1,0,0,0,0,0,0,0,0,1,1,0,0,0,1,1,2,0,-1,1,0,Low,imaps_hardened,imap-stream-0,IMAP,993,0,0,
4,3,1,0,0,0,0,0,0,0,0,1,1,0,0,0,1,1,2,0,-1,1,0,Low,imaps_hardened,imap-stream-0,IMAP,993,0,0,
4,3,1,0,0,0,0,0,0,0,0,1,1,0,0,0,1,1,2,0,-1,1,0,Low,imaps_hardened,imap-stream-0,IMAP,993,0,0,
4,3,1,0,0,0,0,0,0,0,0,1,1,0,0,0,1,1,2,0,-1,1,0,Low,imaps_hardened,imap-stream-0,IMAP,993,0,0,
4,3,1,0,0,0,0,0,0,0,0,1,1,0,0,0,1,1,2,0,-1,1,0,Low,imaps_hardened,imap-stream-0,IMAP,993,0,0,
4,3,1,0,0,0,0,0,0,0,0,1,1,0,0,0,1,1,2,0,-1,1,0,Low,imaps_hardened,imap-stream-0,IMAP,993,0,0,
4,3,1,0,0,0,0,0,0,0,0,1,1,0,0,0,1,1,2,0,-1,1,0,Low,imaps_hardened,imap-stream-0,IMAP,993,0,0,
4,3,1,0,0,0,0,0,0,0,0,1,1,0,0,0,1,1,2,0,-1,1,0,Low,imaps_hardened,imap-stream-0,IMAP,993,0,0,
4,3,1,0,0,0,0,0,0,0,0,1,1,0,0,0,1,1,2,0,-1,1,0,Low,imaps_hardened,imap-stream-0,IMAP,993,0,0,
4,3,1,0,0,0,0,0,0,0,0,1,1,0,0,0,1,1,2,0,-1,1,0,Low,imaps_hardened,imap-stream-0,IMAP,993,0,0,
4,3,1,0,0,0,0,0,0,0,0,1,1,0,0,0,1,1,2,0,-1,1,0,Low,imaps_hardened,imap-stream-0,IMAP,993,0,0,
4,3,1,0,0,0,0,0,0,0,0,1,1,0,0,0,1,1,2,0,-1,1,0,Low,imaps_hardened,imap-stream-0,IMAP,993,0,0,
4,3,1,0,0,0,0,0,0,0,0,1,1,0,0,0,1,1,2,0,-1,1,0,Low,imaps_hardened,imap-stream-0,IMAP,993,0,0,
4,3,1,0,0,0,0,0,0,0,0,1,1,0,0,0,1,1,2,0,-1,1,0,Low,imaps_hardened,imap-stream-0,IMAP,993,0,0,
4,3,1,0,0,0,0,0,0,0,0,1,1,0,0,0,1,1,2,0,-1,1,0,Low,imaps_hardened,imap-stream-0,IMAP,993,0,0,
4,3,1,0,0,0,0,0,0,0,0,1,1,0,0,0,1,1,2,0,-1,1,0,Low,imaps_hardened,imap-stream-0,IMAP,993,0,0,
4,3,1,0,0,0,0,0,0,0,0,1,1,0,0,0,1,1,2,0,-1,1,0,Low,imaps_hardened,imap-stream-0,IMAP,993,0,0,
4,3,1,0,0,0,0,0,0,0,0,1,1,0,0,0,1,1,2,0,-1,1,0,Low,imaps_hardened,imap-stream-0,IMAP,993,0,0,
4,3,1,0,0,0,0,0,0,0,0,1,1,0,0,0,1,1,2,0,-1,1,0,Low,imaps_hardened,imap-stream-0,IMAP,993,0,0,
4,3,1,0,0,0,0,0,0,0,0,1,1,0,0,0,1,1,2,0,-1,1,0,Low,imaps_hardened,imap-stream-0,IMAP,993,0,0,
4,3,1,0,0,0,0,0,0,0,0,1,1,0,0,0,1,1,2,0,-1,1,0,Low,imaps_hardened,imap-stream-0,IMAP,993,0,0,
4,3,1,0,0,0,0,0,0,0,0,2,1,0,0,0,1,1,2,0,-1,1,0,Low,pop3s_hardened,pop3-stream-0,POP3,995,0,0,
4,3,1,0,0,0,0,0,0,0,0,2,1,0,0,0,1,1,2,0,-1,1,0,Low,pop3s_hardened,pop3-stream-0,POP3,995,0,0,
4,3,1,0,0,0,0,0,0,0,0,2,1,0,0,0,1,1,2,0,-1,1,0,Low,pop3s_hardened,pop3-stream-0,POP3,995,0,0,
4,3,1,0,0,0,0,0,0,0,0,2,1,0,0,0,1,1,2,0,-1,1,0,Low,pop3s_hardened,pop3-stream-0,POP3,995,0,0,
4,3,1,0,0,0,0,0,0,0,0,2,1,0,0,0,1,1,2,0,-1,1,0,Low,pop3s_hardened,pop3-stream-0,POP3,995,0,0,
4,3,1,0,0,0,0,0,0,0,0,2,1,0,0,0,1,1,2,0,-1,1,0,Low,pop3s_hardened,pop3-stream-0,POP3,995,0,0,
4,3,1,0,0,0,0,0,0,0,0,2,1,0,0,0,1,1,2,0,-1,1,0,Low,pop3s_hardened,pop3-stream-0,POP3,995,0,0,
4,3,1,0,0,0,0,0,0,0,0,2,1,0,0,0,1,1,2,0,-1,1,0,Low,pop3s_hardened,pop3-stream-0,POP3,995,0,0,
4,3,1,0,0,0,0,0,0,0,0,2,1,0,0,0,1,1,2,0,-1,1,0,Low,pop3s_hardened,pop3-stream-0,POP3,995,0,0,
4,3,1,0,0,0,0,0,0,0,0,2,1,0,0,0,1,1,2,0,-1,1,0,Low,pop3s_hardened,pop3-stream-0,POP3,995,0,0,
4,3,1,0,0,0,0,0,0,0,0,2,1,0,0,0,1,1,2,0,-1,1,0,Low,pop3s_hardened,pop3-stream-0,POP3,995,0,0,
4,3,1,0,0,0,0,0,0,0,0,2,1,0,0,0,1,1,2,0,-1,1,0,Low,pop3s_hardened,pop3-stream-0,POP3,995,0,0,
4,3,1,0,0,0,0,0,0,0,0,2,1,0,0,0,1,1,2,0,-1,1,0,Low,pop3s_hardened,pop3-stream-0,POP3,995,0,0,
4,3,1,0,0,0,0,0,0,0,0,2,1,0,0,0,1,1,2,0,-1,1,0,Low,pop3s_hardened,pop3-stream-0,POP3,995,0,0,
4,3,1,0,0,0,0,0,0,0,0,2,1,0,0,0,1,1,2,0,-1,1,0,Low,pop3s_hardened,pop3-stream-0,POP3,995,0,0,
4,3,1,0,0,0,0,0,0,0,0,2,1,0,0,0,1,1,2,0,-1,1,0,Low,pop3s_hardened,pop3-stream-0,POP3,995,0,0,
4,3,1,0,0,0,0,0,0,0,0,2,1,0,0,0,1,1,2,0,-1,1,0,Low,pop3s_hardened,pop3-stream-0,POP3,995,0,0,
4,3,1,0,0,0,0,0,0,0,0,2,1,0,0,0,1,1,2,0,-1,1,0,Low,pop3s_hardened,pop3-stream-0,POP3,995,0,0,
4,3,1,0,0,0,0,0,0,0,0,2,1,0,0,0,1,1,2,0,-1,1,0,Low,pop3s_hardened,pop3-stream-0,POP3,995,0,0,
4,3,1,0,0,0,0,0,0,0,0,2,1,0,0,0,1,1,2,0,-1,1,0,Low,pop3s_hardened,pop3-stream-0,POP3,995,0,0,
4,3,1,0,0,0,0,0,0,0,0,2,1,0,0,0,1,1,2,0,-1,1,0,Low,pop3s_hardened,pop3-stream-0,POP3,995,0,0,
4,3,1,0,0,0,0,0,0,0,0,2,1,0,0,0,1,1,2,0,-1,1,0,Low,pop3s_hardened,pop3-stream-0,POP3,995,0,0,
4,3,1,0,0,0,0,0,0,0,0,2,1,0,0,0,1,1,2,0,-1,1,0,Low,pop3s_hardened,pop3-stream-0,POP3,995,0,0,
4,3,1,0,0,0,0,0,0,0,0,2,1,0,0,0,1,1,2,0,-1,1,0,Low,pop3s_hardened,pop3-stream-0,POP3,995,0,0,
4,3,1,0,0,0,0,0,0,0,0,2,1,0,0,0,1,1,2,0,-1,1,0,Low,pop3s_hardened,pop3-stream-0,POP3,995,0,0,
4,3,1,0,0,0,0,0,0,0,0,2,1,0,0,0,1,1,2,0,-1,1,0,Low,pop3s_hardened,pop3-stream-0,POP3,995,0,0,
4,3,1,0,0,0,0,0,0,0,0,2,1,0,0,0,1,1,2,0,-1,1,0,Low,pop3s_hardened,pop3-stream-0,POP3,995,0,0,
4,3,1,0,0,0,0,0,0,0,0,2,1,0,0,0,1,1,2,0,-1,1,0,Low,pop3s_hardened,pop3-stream-0,POP3,995,0,0,
4,3,1,0,0,0,0,0,0,0,0,2,1,0,0,0,1,1,2,0,-1,1,0,Low,pop3s_hardened,pop3-stream-0,POP3,995,0,0,
4,3,1,0,0,0,0,0,0,0,0,2,1,0,0,0,1,1,2,0,-1,1,0,Low,pop3s_hardened,pop3-stream-0,POP3,995,0,0,
4,3,1,0,0,0,0,0,0,0,0,2,1,0,0,0,1,1,2,0,-1,1,0,Low,pop3s_hardened,pop3-stream-0,POP3,995,0,0,
4,3,1,0,0,0,0,0,0,0,0,2,1,0,0,0,1,1,2,0,-1,1,0,Low,pop3s_hardened,pop3-stream-0,POP3,995,0,0,
4,3,1,0,0,0,0,0,0,0,0,2,1,0,0,0,1,1,2,0,-1,1,0,Low,pop3s_hardened,pop3-stream-0,POP3,995,0,0,
4,3,1,0,0,0,0,0,0,0,0,2,1,0,0,0,1,1,2,0,-1,1,0,Low,pop3s_hardened,pop3-stream-0,POP3,995,0,0,
4,3,1,0,0,0,0,0,0,0,0,2,1,0,0,0,1,1,2,0,-1,1,0,Low,pop3s_hardened,pop3-stream-0,POP3,995,0,0,
4,3,1,0,0,0,0,0,0,0,0,2,1,0,0,0,1,1,2,0,-1,1,0,Low,pop3s_hardened,pop3-stream-0,POP3,995,0,0,
4,3,1,0,0,0,0,0,0,0,0,2,1,0,0,0,1,1,2,0,-1,1,0,Low,pop3s_hardened,pop3-stream-0,POP3,995,0,0,
4,3,1,0,0,0,0,0,0,0,0,2,1,0,0,0,1,1,2,0,-1,1,0,Low,pop3s_hardened,pop3-stream-0,POP3,995,0,0,
4,3,1,0,0,0,0,0,0,0,0,2,1,0,0,0,1,1,2,0,-1,1,0,Low,pop3s_hardened,pop3-stream-0,POP3,995,0,0,
4,3,1,0,0,0,0,0,0,0,0,2,1,0,0,0,1,1,2,0,-1,1,0,Low,pop3s_hardened,pop3-stream-0,POP3,995,0,0,
4,3,1,0,0,0,0,0,0,0,0,2,1,0,0,0,1,1,2,0,-1,1,0,Low,pop3s_hardened,pop3-stream-0,POP3,995,0,0,
4,3,1,0,0,0,0,0,0,0,0,2,1,0,0,0,1,1,2,0,-1,1,0,Low,pop3s_hardened,pop3-stream-0,POP3,995,0,0,
4,3,1,0,0,0,0,0,0,0,0,2,1,0,0,0,1,1,2,0,-1,1,0,Low,pop3s_hardened,pop3-stream-0,POP3,995,0,0,
4,3,1,0,0,0,0,0,0,0,0,2,1,0,0,0,1,1,2,0,-1,1,0,Low,pop3s_hardened,pop3-stream-0,POP3,995,0,0,
4,3,1,0,0,0,0,0,0,0,0,2,1,0,0,0,1,1,2,0,-1,1,0,Low,pop3s_hardened,pop3-stream-0,POP3,995,0,0,
4,3,1,0,0,0,0,0,0,0,0,2,1,0,0,0,1,1,2,0,-1,1,0,Low,pop3s_hardened,pop3-stream-0,POP3,995,0,0,
4,3,1,0,0,0,0,0,0,0,0,2,1,0,0,0,1,1,2,0,-1,1,0,Low,pop3s_hardened,pop3-stream-0,POP3,995,0,0,
4,3,1,0,0,0,0,0,0,0,0,2,1,0,0,0,1,1,2,0,-1,1,0,Low,pop3s_hardened,pop3-stream-0,POP3,995,0,0,
4,3,1,0,0,0,0,0,0,0,0,2,1,0,0,0,1,1,2,0,-1,1,0,Low,pop3s_hardened,pop3-stream-0,POP3,995,0,0,
4,3,1,0,0,0,0,0,0,0,0,2,1,0,0,0,1,1,2,0,-1,1,0,Low,pop3s_hardened,pop3-stream-0,POP3,995,0,0,
3,3,1,0,0,-19,2048,1,0,2,3,1,1,0,0,0,1,1,3,1,1,0,0,High,imaps_expired,imap-stream-0,IMAP,993,1,2,CERT-001|CERT-003
3,3,1,0,0,-19,2048,1,0,2,3,1,1,0,0,0,1,1,3,1,1,0,0,High,imaps_expired,imap-stream-0,IMAP,993,1,2,CERT-001|CERT-003
3,3,1,0,0,-19,2048,1,0,2,3,1,1,0,0,0,1,1,3,1,1,0,0,High,imaps_expired,imap-stream-0,IMAP,993,1,2,CERT-001|CERT-003
3,3,1,0,0,-19,2048,1,0,2,3,1,1,0,0,0,1,1,3,1,1,0,0,High,imaps_expired,imap-stream-0,IMAP,993,1,2,CERT-001|CERT-003
3,3,1,0,0,-19,2048,1,0,2,3,1,1,0,0,0,1,1,3,1,1,0,0,High,imaps_expired,imap-stream-0,IMAP,993,1,2,CERT-001|CERT-003
3,3,1,0,0,-19,2048,1,0,2,3,1,1,0,0,0,1,1,3,1,1,0,0,High,imaps_expired,imap-stream-0,IMAP,993,1,2,CERT-001|CERT-003
3,3,1,0,0,-19,2048,1,0,2,3,1,1,0,0,0,1,1,3,1,1,0,0,High,imaps_expired,imap-stream-0,IMAP,993,1,2,CERT-001|CERT-003
3,3,1,0,0,-19,2048,1,0,2,3,1,1,0,0,0,1,1,3,1,1,0,0,High,imaps_expired,imap-stream-0,IMAP,993,1,2,CERT-001|CERT-003
3,3,1,0,0,-19,2048,1,0,2,3,1,1,0,0,0,1,1,3,1,1,0,0,High,imaps_expired,imap-stream-0,IMAP,993,1,2,CERT-001|CERT-003
3,3,1,0,0,-19,2048,1,0,2,3,1,1,0,0,0,1,1,3,1,1,0,0,High,imaps_expired,imap-stream-0,IMAP,993,1,2,CERT-001|CERT-003
3,3,1,0,0,-19,2048,1,0,2,3,1,1,0,0,0,1,1,3,1,1,0,0,High,imaps_expired,imap-stream-0,IMAP,993,1,2,CERT-001|CERT-003
3,3,1,0,0,-19,2048,1,0,2,3,1,1,0,0,0,1,1,3,1,1,0,0,High,imaps_expired,imap-stream-0,IMAP,993,1,2,CERT-001|CERT-003
3,3,1,0,0,-19,2048,1,0,2,3,1,1,0,0,0,1,1,3,1,1,0,0,High,imaps_expired,imap-stream-0,IMAP,993,1,2,CERT-001|CERT-003
3,3,1,0,0,-19,2048,1,0,2,3,1,1,0,0,0,1,1,3,1,1,0,0,High,imaps_expired,imap-stream-0,IMAP,993,1,2,CERT-001|CERT-003
3,3,1,0,0,-19,2048,1,0,2,3,1,1,0,0,0,1,1,3,1,1,0,0,High,imaps_expired,imap-stream-0,IMAP,993,1,2,CERT-001|CERT-003
3,3,1,0,0,-19,2048,1,0,2,3,1,1,0,0,0,1,1,3,1,1,0,0,High,imaps_expired,imap-stream-0,IMAP,993,1,2,CERT-001|CERT-003
3,3,1,0,0,-19,2048,1,0,2,3,1,1,0,0,0,1,1,3,1,1,0,0,High,imaps_expired,imap-stream-0,IMAP,993,1,2,CERT-001|CERT-003
3,3,1,0,0,-19,2048,1,0,2,3,1,1,0,0,0,1,1,3,1,1,0,0,High,imaps_expired,imap-stream-0,IMAP,993,1,2,CERT-001|CERT-003
3,3,1,0,0,-19,2048,1,0,2,3,1,1,0,0,0,1,1,3,1,1,0,0,High,imaps_expired,imap-stream-0,IMAP,993,1,2,CERT-001|CERT-003
3,3,1,0,0,-19,2048,1,0,2,3,1,1,0,0,0,1,1,3,1,1,0,0,High,imaps_expired,imap-stream-0,IMAP,993,1,2,CERT-001|CERT-003
3,3,1,0,0,-19,2048,1,0,2,3,1,1,0,0,0,1,1,3,1,1,0,0,High,imaps_expired,imap-stream-0,IMAP,993,1,2,CERT-001|CERT-003
3,3,1,0,0,-19,2048,1,0,2,3,1,1,0,0,0,1,1,3,1,1,0,0,High,imaps_expired,imap-stream-0,IMAP,993,1,2,CERT-001|CERT-003
3,3,1,0,0,-19,2048,1,0,2,3,1,1,0,0,0,1,1,3,1,1,0,0,High,imaps_expired,imap-stream-0,IMAP,993,1,2,CERT-001|CERT-003
3,3,1,0,0,-19,2048,1,0,2,3,1,1,0,0,0,1,1,3,1,1,0,0,High,imaps_expired,imap-stream-0,IMAP,993,1,2,CERT-001|CERT-003
3,3,1,0,0,-19,2048,1,0,2,3,1,1,0,0,0,1,1,3,1,1,0,0,High,imaps_expired,imap-stream-0,IMAP,993,1,2,CERT-001|CERT-003
3,3,1,0,0,-19,2048,1,0,2,3,1,1,0,0,0,1,1,3,1,1,0,0,High,imaps_expired,imap-stream-0,IMAP,993,1,2,CERT-001|CERT-003
3,3,1,0,0,-19,2048,1,0,2,3,1,1,0,0,0,1,1,3,1,1,0,0,High,imaps_expired,imap-stream-0,IMAP,993,1,2,CERT-001|CERT-003
3,3,1,0,0,-19,2048,1,0,2,3,1,1,0,0,0,1,1,3,1,1,0,0,High,imaps_expired,imap-stream-0,IMAP,993,1,2,CERT-001|CERT-003
3,3,1,0,0,-19,2048,1,0,2,3,1,1,0,0,0,1,1,3,1,1,0,0,High,imaps_expired,imap-stream-0,IMAP,993,1,2,CERT-001|CERT-003
3,3,1,0,0,-19,2048,1,0,2,3,1,1,0,0,0,1,1,3,1,1,0,0,High,imaps_expired,imap-stream-0,IMAP,993,1,2,CERT-001|CERT-003
3,3,1,0,0,-19,2048,1,0,2,3,1,1,0,0,0,1,1,3,1,1,0,0,High,imaps_expired,imap-stream-0,IMAP,993,1,2,CERT-001|CERT-003
3,3,1,0,0,-19,2048,1,0,2,3,1,1,0,0,0,1,1,3,1,1,0,0,High,imaps_expired,imap-stream-0,IMAP,993,1,2,CERT-001|CERT-003
3,3,1,0,0,-19,2048,1,0,2,3,1,1,0,0,0,1,1,3,1,1,0,0,High,imaps_expired,imap-stream-0,IMAP,993,1,2,CERT-001|CERT-003
3,3,1,0,0,-19,2048,1,0,2,3,1,1,0,0,0,1,1,3,1,1,0,0,High,imaps_expired,imap-stream-0,IMAP,993,1,2,CERT-001|CERT-003
3,3,1,0,0,-19,2048,1,0,2,3,1,1,0,0,0,1,1,3,1,1,0,0,High,imaps_expired,imap-stream-0,IMAP,993,1,2,CERT-001|CERT-003
3,3,1,0,0,-19,2048,1,0,2,3,1,1,0,0,0,1,1,3,1,1,0,0,High,imaps_expired,imap-stream-0,IMAP,993,1,2,CERT-001|CERT-003
3,3,1,0,0,-19,2048,1,0,2,3,1,1,0,0,0,1,1,3,1,1,0,0,High,imaps_expired,imap-stream-0,IMAP,993,1,2,CERT-001|CERT-003
3,3,1,0,0,-19,2048,1,0,2,3,1,1,0,0,0,1,1,3,1,1,0,0,High,imaps_expired,imap-stream-0,IMAP,993,1,2,CERT-001|CERT-003
3,3,1,0,0,-19,2048,1,0,2,3,1,1,0,0,0,1,1,3,1,1,0,0,High,imaps_expired,imap-stream-0,IMAP,993,1,2,CERT-001|CERT-003
3,3,1,0,0,-19,2048,1,0,2,3,1,1,0,0,0,1,1,3,1,1,0,0,High,imaps_expired,imap-stream-0,IMAP,993,1,2,CERT-001|CERT-003
3,3,1,0,0,-19,2048,1,0,2,3,1,1,0,0,0,1,1,3,1,1,0,0,High,imaps_expired,imap-stream-0,IMAP,993,1,2,CERT-001|CERT-003
3,3,1,0,0,-19,2048,1,0,2,3,1,1,0,0,0,1,1,3,1,1,0,0,High,imaps_expired,imap-stream-0,IMAP,993,1,2,CERT-001|CERT-003
3,3,1,0,0,-19,2048,1,0,2,3,1,1,0,0,0,1,1,3,1,1,0,0,High,imaps_expired,imap-stream-0,IMAP,993,1,2,CERT-001|CERT-003
3,3,1,0,0,-19,2048,1,0,2,3,1,1,0,0,0,1,1,3,1,1,0,0,High,imaps_expired,imap-stream-0,IMAP,993,1,2,CERT-001|CERT-003
3,3,1,0,0,-19,2048,1,0,2,3,1,1,0,0,0,1,1,3,1,1,0,0,High,imaps_expired,imap-stream-0,IMAP,993,1,2,CERT-001|CERT-003
3,3,1,0,0,-19,2048,1,0,2,3,1,1,0,0,0,1,1,3,1,1,0,0,High,imaps_expired,imap-stream-0,IMAP,993,1,2,CERT-001|CERT-003
3,3,1,0,0,-19,2048,1,0,2,3,1,1,0,0,0,1,1,3,1,1,0,0,High,imaps_expired,imap-stream-0,IMAP,993,1,2,CERT-001|CERT-003
3,3,1,0,0,-19,2048,1,0,2,3,1,1,0,0,0,1,1,3,1,1,0,0,High,imaps_expired,imap-stream-0,IMAP,993,1,2,CERT-001|CERT-003
3,3,1,0,0,-19,2048,1,0,2,3,1,1,0,0,0,1,1,3,1,1,0,0,High,imaps_expired,imap-stream-0,IMAP,993,1,2,CERT-001|CERT-003
3,3,1,0,0,-19,2048,1,0,2,3,1,1,0,0,0,1,1,3,1,1,0,0,High,imaps_expired,imap-stream-0,IMAP,993,1,2,CERT-001|CERT-003
3,3,1,0,0,179,1024,1,0,2,3,2,1,0,0,0,1,1,3,1,1,0,0,High,pop3s_weak_key,pop3-stream-0,POP3,995,1,2,CERT-003|CERT-004
3,3,1,0,0,179,1024,1,0,2,3,2,1,0,0,0,1,1,3,1,1,0,0,High,pop3s_weak_key,pop3-stream-0,POP3,995,1,2,CERT-003|CERT-004
3,3,1,0,0,179,1024,1,0,2,3,2,1,0,0,0,1,1,3,1,1,0,0,High,pop3s_weak_key,pop3-stream-0,POP3,995,1,2,CERT-003|CERT-004
3,3,1,0,0,179,1024,1,0,2,3,2,1,0,0,0,1,1,3,1,1,0,0,High,pop3s_weak_key,pop3-stream-0,POP3,995,1,2,CERT-003|CERT-004
3,3,1,0,0,179,1024,1,0,2,3,2,1,0,0,0,1,1,3,1,1,0,0,High,pop3s_weak_key,pop3-stream-0,POP3,995,1,2,CERT-003|CERT-004
3,3,1,0,0,179,1024,1,0,2,3,2,1,0,0,0,1,1,3,1,1,0,0,High,pop3s_weak_key,pop3-stream-0,POP3,995,1,2,CERT-003|CERT-004
3,3,1,0,0,179,1024,1,0,2,3,2,1,0,0,0,1,1,3,1,1,0,0,High,pop3s_weak_key,pop3-stream-0,POP3,995,1,2,CERT-003|CERT-004
3,3,1,0,0,179,1024,1,0,2,3,2,1,0,0,0,1,1,3,1,1,0,0,High,pop3s_weak_key,pop3-stream-0,POP3,995,1,2,CERT-003|CERT-004
3,3,1,0,0,179,1024,1,0,2,3,2,1,0,0,0,1,1,3,1,1,0,0,High,pop3s_weak_key,pop3-stream-0,POP3,995,1,2,CERT-003|CERT-004
3,3,1,0,0,179,1024,1,0,2,3,2,1,0,0,0,1,1,3,1,1,0,0,High,pop3s_weak_key,pop3-stream-0,POP3,995,1,2,CERT-003|CERT-004
3,3,1,0,0,179,1024,1,0,2,3,2,1,0,0,0,1,1,3,1,1,0,0,High,pop3s_weak_key,pop3-stream-0,POP3,995,1,2,CERT-003|CERT-004
3,3,1,0,0,179,1024,1,0,2,3,2,1,0,0,0,1,1,3,1,1,0,0,High,pop3s_weak_key,pop3-stream-0,POP3,995,1,2,CERT-003|CERT-004
3,3,1,0,0,179,1024,1,0,2,3,2,1,0,0,0,1,1,3,1,1,0,0,High,pop3s_weak_key,pop3-stream-0,POP3,995,1,2,CERT-003|CERT-004
3,3,1,0,0,179,1024,1,0,2,3,2,1,0,0,0,1,1,3,1,1,0,0,High,pop3s_weak_key,pop3-stream-0,POP3,995,1,2,CERT-003|CERT-004
3,3,1,0,0,179,1024,1,0,2,3,2,1,0,0,0,1,1,3,1,1,0,0,High,pop3s_weak_key,pop3-stream-0,POP3,995,1,2,CERT-003|CERT-004
3,3,1,0,0,179,1024,1,0,2,3,2,1,0,0,0,1,1,3,1,1,0,0,High,pop3s_weak_key,pop3-stream-0,POP3,995,1,2,CERT-003|CERT-004
3,3,1,0,0,179,1024,1,0,2,3,2,1,0,0,0,1,1,3,1,1,0,0,High,pop3s_weak_key,pop3-stream-0,POP3,995,1,2,CERT-003|CERT-004
3,3,1,0,0,179,1024,1,0,2,3,2,1,0,0,0,1,1,3,1,1,0,0,High,pop3s_weak_key,pop3-stream-0,POP3,995,1,2,CERT-003|CERT-004
3,3,1,0,0,179,1024,1,0,2,3,2,1,0,0,0,1,1,3,1,1,0,0,High,pop3s_weak_key,pop3-stream-0,POP3,995,1,2,CERT-003|CERT-004
3,3,1,0,0,179,1024,1,0,2,3,2,1,0,0,0,1,1,3,1,1,0,0,High,pop3s_weak_key,pop3-stream-0,POP3,995,1,2,CERT-003|CERT-004
3,3,1,0,0,179,1024,1,0,2,3,2,1,0,0,0,1,1,3,1,1,0,0,High,pop3s_weak_key,pop3-stream-0,POP3,995,1,2,CERT-003|CERT-004
3,3,1,0,0,179,1024,1,0,2,3,2,1,0,0,0,1,1,3,1,1,0,0,High,pop3s_weak_key,pop3-stream-0,POP3,995,1,2,CERT-003|CERT-004
3,3,1,0,0,179,1024,1,0,2,3,2,1,0,0,0,1,1,3,1,1,0,0,High,pop3s_weak_key,pop3-stream-0,POP3,995,1,2,CERT-003|CERT-004
3,3,1,0,0,179,1024,1,0,2,3,2,1,0,0,0,1,1,3,1,1,0,0,High,pop3s_weak_key,pop3-stream-0,POP3,995,1,2,CERT-003|CERT-004
3,3,1,0,0,179,1024,1,0,2,3,2,1,0,0,0,1,1,3,1,1,0,0,High,pop3s_weak_key,pop3-stream-0,POP3,995,1,2,CERT-003|CERT-004
3,3,1,0,0,179,1024,1,0,2,3,2,1,0,0,0,1,1,3,1,1,0,0,High,pop3s_weak_key,pop3-stream-0,POP3,995,1,2,CERT-003|CERT-004
3,3,1,0,0,179,1024,1,0,2,3,2,1,0,0,0,1,1,3,1,1,0,0,High,pop3s_weak_key,pop3-stream-0,POP3,995,1,2,CERT-003|CERT-004
3,3,1,0,0,179,1024,1,0,2,3,2,1,0,0,0,1,1,3,1,1,0,0,High,pop3s_weak_key,pop3-stream-0,POP3,995,1,2,CERT-003|CERT-004
3,3,1,0,0,179,1024,1,0,2,3,2,1,0,0,0,1,1,3,1,1,0,0,High,pop3s_weak_key,pop3-stream-0,POP3,995,1,2,CERT-003|CERT-004
3,3,1,0,0,179,1024,1,0,2,3,2,1,0,0,0,1,1,3,1,1,0,0,High,pop3s_weak_key,pop3-stream-0,POP3,995,1,2,CERT-003|CERT-004
3,3,1,0,0,179,1024,1,0,2,3,2,1,0,0,0,1,1,3,1,1,0,0,High,pop3s_weak_key,pop3-stream-0,POP3,995,1,2,CERT-003|CERT-004
3,3,1,0,0,179,1024,1,0,2,3,2,1,0,0,0,1,1,3,1,1,0,0,High,pop3s_weak_key,pop3-stream-0,POP3,995,1,2,CERT-003|CERT-004
3,3,1,0,0,179,1024,1,0,2,3,2,1,0,0,0,1,1,3,1,1,0,0,High,pop3s_weak_key,pop3-stream-0,POP3,995,1,2,CERT-003|CERT-004
3,3,1,0,0,179,1024,1,0,2,3,2,1,0,0,0,1,1,3,1,1,0,0,High,pop3s_weak_key,pop3-stream-0,POP3,995,1,2,CERT-003|CERT-004
3,3,1,0,0,179,1024,1,0,2,3,2,1,0,0,0,1,1,3,1,1,0,0,High,pop3s_weak_key,pop3-stream-0,POP3,995,1,2,CERT-003|CERT-004
3,3,1,0,0,179,1024,1,0,2,3,2,1,0,0,0,1,1,3,1,1,0,0,High,pop3s_weak_key,pop3-stream-0,POP3,995,1,2,CERT-003|CERT-004
3,3,1,0,0,179,1024,1,0,2,3,2,1,0,0,0,1,1,3,1,1,0,0,High,pop3s_weak_key,pop3-stream-0,POP3,995,1,2,CERT-003|CERT-004
3,3,1,0,0,179,1024,1,0,2,3,2,1,0,0,0,1,1,3,1,1,0,0,High,pop3s_weak_key,pop3-stream-0,POP3,995,1,2,CERT-003|CERT-004
3,3,1,0,0,179,1024,1,0,2,3,2,1,0,0,0,1,1,3,1,1,0,0,High,pop3s_weak_key,pop3-stream-0,POP3,995,1,2,CERT-003|CERT-004
3,3,1,0,0,179,1024,1,0,2,3,2,1,0,0,0,1,1,3,1,1,0,0,High,pop3s_weak_key,pop3-stream-0,POP3,995,1,2,CERT-003|CERT-004
3,3,1,0,0,179,1024,1,0,2,3,2,1,0,0,0,1,1,3,1,1,0,0,High,pop3s_weak_key,pop3-stream-0,POP3,995,1,2,CERT-003|CERT-004
3,3,1,0,0,179,1024,1,0,2,3,2,1,0,0,0,1,1,3,1,1,0,0,High,pop3s_weak_key,pop3-stream-0,POP3,995,1,2,CERT-003|CERT-004
3,3,1,0,0,179,1024,1,0,2,3,2,1,0,0,0,1,1,3,1,1,0,0,High,pop3s_weak_key,pop3-stream-0,POP3,995,1,2,CERT-003|CERT-004
3,3,1,0,0,179,1024,1,0,2,3,2,1,0,0,0,1,1,3,1,1,0,0,High,pop3s_weak_key,pop3-stream-0,POP3,995,1,2,CERT-003|CERT-004
3,3,1,0,0,179,1024,1,0,2,3,2,1,0,0,0,1,1,3,1,1,0,0,High,pop3s_weak_key,pop3-stream-0,POP3,995,1,2,CERT-003|CERT-004
3,3,1,0,0,179,1024,1,0,2,3,2,1,0,0,0,1,1,3,1,1,0,0,High,pop3s_weak_key,pop3-stream-0,POP3,995,1,2,CERT-003|CERT-004
3,3,1,0,0,179,1024,1,0,2,3,2,1,0,0,0,1,1,3,1,1,0,0,High,pop3s_weak_key,pop3-stream-0,POP3,995,1,2,CERT-003|CERT-004
3,3,1,0,0,179,1024,1,0,2,3,2,1,0,0,0,1,1,3,1,1,0,0,High,pop3s_weak_key,pop3-stream-0,POP3,995,1,2,CERT-003|CERT-004
3,3,1,0,0,179,1024,1,0,2,3,2,1,0,0,0,1,1,3,1,1,0,0,High,pop3s_weak_key,pop3-stream-0,POP3,995,1,2,CERT-003|CERT-004
3,3,1,0,0,179,1024,1,0,2,3,2,1,0,0,0,1,1,3,1,1,0,0,High,pop3s_weak_key,pop3-stream-0,POP3,995,1,2,CERT-003|CERT-004
3,3,0,0,0,179,2048,1,0,2,3,0,1,0,0,0,1,1,3,1,1,0,0,High,smtps_static_rsa,smtp-stream-0,SMTP,465,1,2,CIPHER-002|CERT-003
3,3,0,0,0,179,2048,1,0,2,3,0,1,0,0,0,1,1,3,1,1,0,0,High,smtps_static_rsa,smtp-stream-0,SMTP,465,1,2,CIPHER-002|CERT-003
3,3,0,0,0,179,2048,1,0,2,3,0,1,0,0,0,1,1,3,1,1,0,0,High,smtps_static_rsa,smtp-stream-0,SMTP,465,1,2,CIPHER-002|CERT-003
3,3,0,0,0,179,2048,1,0,2,3,0,1,0,0,0,1,1,3,1,1,0,0,High,smtps_static_rsa,smtp-stream-0,SMTP,465,1,2,CIPHER-002|CERT-003
3,3,0,0,0,179,2048,1,0,2,3,0,1,0,0,0,1,1,3,1,1,0,0,High,smtps_static_rsa,smtp-stream-0,SMTP,465,1,2,CIPHER-002|CERT-003
3,3,0,0,0,179,2048,1,0,2,3,0,1,0,0,0,1,1,3,1,1,0,0,High,smtps_static_rsa,smtp-stream-0,SMTP,465,1,2,CIPHER-002|CERT-003
3,3,0,0,0,179,2048,1,0,2,3,0,1,0,0,0,1,1,3,1,1,0,0,High,smtps_static_rsa,smtp-stream-0,SMTP,465,1,2,CIPHER-002|CERT-003
3,3,0,0,0,179,2048,1,0,2,3,0,1,0,0,0,1,1,3,1,1,0,0,High,smtps_static_rsa,smtp-stream-0,SMTP,465,1,2,CIPHER-002|CERT-003
3,3,0,0,0,179,2048,1,0,2,3,0,1,0,0,0,1,1,3,1,1,0,0,High,smtps_static_rsa,smtp-stream-0,SMTP,465,1,2,CIPHER-002|CERT-003
3,3,0,0,0,179,2048,1,0,2,3,0,1,0,0,0,1,1,3,1,1,0,0,High,smtps_static_rsa,smtp-stream-0,SMTP,465,1,2,CIPHER-002|CERT-003
3,3,0,0,0,179,2048,1,0,2,3,0,1,0,0,0,1,1,3,1,1,0,0,High,smtps_static_rsa,smtp-stream-0,SMTP,465,1,2,CIPHER-002|CERT-003
3,3,0,0,0,179,2048,1,0,2,3,0,1,0,0,0,1,1,3,1,1,0,0,High,smtps_static_rsa,smtp-stream-0,SMTP,465,1,2,CIPHER-002|CERT-003
3,3,0,0,0,179,2048,1,0,2,3,0,1,0,0,0,1,1,3,1,1,0,0,High,smtps_static_rsa,smtp-stream-0,SMTP,465,1,2,CIPHER-002|CERT-003
3,3,0,0,0,179,2048,1,0,2,3,0,1,0,0,0,1,1,3,1,1,0,0,High,smtps_static_rsa,smtp-stream-0,SMTP,465,1,2,CIPHER-002|CERT-003
3,3,0,0,0,179,2048,1,0,2,3,0,1,0,0,0,1,1,3,1,1,0,0,High,smtps_static_rsa,smtp-stream-0,SMTP,465,1,2,CIPHER-002|CERT-003
3,3,0,0,0,179,2048,1,0,2,3,0,1,0,0,0,1,1,3,1,1,0,0,High,smtps_static_rsa,smtp-stream-0,SMTP,465,1,2,CIPHER-002|CERT-003
3,3,0,0,0,179,2048,1,0,2,3,0,1,0,0,0,1,1,3,1,1,0,0,High,smtps_static_rsa,smtp-stream-0,SMTP,465,1,2,CIPHER-002|CERT-003
3,3,0,0,0,179,2048,1,0,2,3,0,1,0,0,0,1,1,3,1,1,0,0,High,smtps_static_rsa,smtp-stream-0,SMTP,465,1,2,CIPHER-002|CERT-003
3,3,0,0,0,179,2048,1,0,2,3,0,1,0,0,0,1,1,3,1,1,0,0,High,smtps_static_rsa,smtp-stream-0,SMTP,465,1,2,CIPHER-002|CERT-003
3,3,0,0,0,179,2048,1,0,2,3,0,1,0,0,0,1,1,3,1,1,0,0,High,smtps_static_rsa,smtp-stream-0,SMTP,465,1,2,CIPHER-002|CERT-003
3,3,0,0,0,179,2048,1,0,2,3,0,1,0,0,0,1,1,3,1,1,0,0,High,smtps_static_rsa,smtp-stream-0,SMTP,465,1,2,CIPHER-002|CERT-003
3,3,0,0,0,179,2048,1,0,2,3,0,1,0,0,0,1,1,3,1,1,0,0,High,smtps_static_rsa,smtp-stream-0,SMTP,465,1,2,CIPHER-002|CERT-003
3,3,0,0,0,179,2048,1,0,2,3,0,1,0,0,0,1,1,3,1,1,0,0,High,smtps_static_rsa,smtp-stream-0,SMTP,465,1,2,CIPHER-002|CERT-003
3,3,0,0,0,179,2048,1,0,2,3,0,1,0,0,0,1,1,3,1,1,0,0,High,smtps_static_rsa,smtp-stream-0,SMTP,465,1,2,CIPHER-002|CERT-003
3,3,0,0,0,179,2048,1,0,2,3,0,1,0,0,0,1,1,3,1,1,0,0,High,smtps_static_rsa,smtp-stream-0,SMTP,465,1,2,CIPHER-002|CERT-003
3,3,0,0,0,179,2048,1,0,2,3,0,1,0,0,0,1,1,3,1,1,0,0,High,smtps_static_rsa,smtp-stream-0,SMTP,465,1,2,CIPHER-002|CERT-003
3,3,0,0,0,179,2048,1,0,2,3,0,1,0,0,0,1,1,3,1,1,0,0,High,smtps_static_rsa,smtp-stream-0,SMTP,465,1,2,CIPHER-002|CERT-003
3,3,0,0,0,179,2048,1,0,2,3,0,1,0,0,0,1,1,3,1,1,0,0,High,smtps_static_rsa,smtp-stream-0,SMTP,465,1,2,CIPHER-002|CERT-003
3,3,0,0,0,179,2048,1,0,2,3,0,1,0,0,0,1,1,3,1,1,0,0,High,smtps_static_rsa,smtp-stream-0,SMTP,465,1,2,CIPHER-002|CERT-003
3,3,0,0,0,179,2048,1,0,2,3,0,1,0,0,0,1,1,3,1,1,0,0,High,smtps_static_rsa,smtp-stream-0,SMTP,465,1,2,CIPHER-002|CERT-003
3,3,0,0,0,179,2048,1,0,2,3,0,1,0,0,0,1,1,3,1,1,0,0,High,smtps_static_rsa,smtp-stream-0,SMTP,465,1,2,CIPHER-002|CERT-003
3,3,0,0,0,179,2048,1,0,2,3,0,1,0,0,0,1,1,3,1,1,0,0,High,smtps_static_rsa,smtp-stream-0,SMTP,465,1,2,CIPHER-002|CERT-003
3,3,0,0,0,179,2048,1,0,2,3,0,1,0,0,0,1,1,3,1,1,0,0,High,smtps_static_rsa,smtp-stream-0,SMTP,465,1,2,CIPHER-002|CERT-003
3,3,0,0,0,179,2048,1,0,2,3,0,1,0,0,0,1,1,3,1,1,0,0,High,smtps_static_rsa,smtp-stream-0,SMTP,465,1,2,CIPHER-002|CERT-003
3,3,0,0,0,179,2048,1,0,2,3,0,1,0,0,0,1,1,3,1,1,0,0,High,smtps_static_rsa,smtp-stream-0,SMTP,465,1,2,CIPHER-002|CERT-003
3,3,0,0,0,179,2048,1,0,2,3,0,1,0,0,0,1,1,3,1,1,0,0,High,smtps_static_rsa,smtp-stream-0,SMTP,465,1,2,CIPHER-002|CERT-003
3,3,0,0,0,179,2048,1,0,2,3,0,1,0,0,0,1,1,3,1,1,0,0,High,smtps_static_rsa,smtp-stream-0,SMTP,465,1,2,CIPHER-002|CERT-003
3,3,0,0,0,179,2048,1,0,2,3,0,1,0,0,0,1,1,3,1,1,0,0,High,smtps_static_rsa,smtp-stream-0,SMTP,465,1,2,CIPHER-002|CERT-003
3,3,0,0,0,179,2048,1,0,2,3,0,1,0,0,0,1,1,3,1,1,0,0,High,smtps_static_rsa,smtp-stream-0,SMTP,465,1,2,CIPHER-002|CERT-003
3,3,0,0,0,179,2048,1,0,2,3,0,1,0,0,0,1,1,3,1,1,0,0,High,smtps_static_rsa,smtp-stream-0,SMTP,465,1,2,CIPHER-002|CERT-003
3,3,0,0,0,179,2048,1,0,2,3,0,1,0,0,0,1,1,3,1,1,0,0,High,smtps_static_rsa,smtp-stream-0,SMTP,465,1,2,CIPHER-002|CERT-003
3,3,0,0,0,179,2048,1,0,2,3,0,1,0,0,0,1,1,3,1,1,0,0,High,smtps_static_rsa,smtp-stream-0,SMTP,465,1,2,CIPHER-002|CERT-003
3,3,0,0,0,179,2048,1,0,2,3,0,1,0,0,0,1,1,3,1,1,0,0,High,smtps_static_rsa,smtp-stream-0,SMTP,465,1,2,CIPHER-002|CERT-003
3,3,0,0,0,179,2048,1,0,2,3,0,1,0,0,0,1,1,3,1,1,0,0,High,smtps_static_rsa,smtp-stream-0,SMTP,465,1,2,CIPHER-002|CERT-003
3,3,0,0,0,179,2048,1,0,2,3,0,1,0,0,0,1,1,3,1,1,0,0,High,smtps_static_rsa,smtp-stream-0,SMTP,465,1,2,CIPHER-002|CERT-003
3,3,0,0,0,179,2048,1,0,2,3,0,1,0,0,0,1,1,3,1,1,0,0,High,smtps_static_rsa,smtp-stream-0,SMTP,465,1,2,CIPHER-002|CERT-003
3,3,0,0,0,179,2048,1,0,2,3,0,1,0,0,0,1,1,3,1,1,0,0,High,smtps_static_rsa,smtp-stream-0,SMTP,465,1,2,CIPHER-002|CERT-003
3,3,0,0,0,179,2048,1,0,2,3,0,1,0,0,0,1,1,3,1,1,0,0,High,smtps_static_rsa,smtp-stream-0,SMTP,465,1,2,CIPHER-002|CERT-003
3,3,0,0,0,179,2048,1,0,2,3,0,1,0,0,0,1,1,3,1,1,0,0,High,smtps_static_rsa,smtp-stream-0,SMTP,465,1,2,CIPHER-002|CERT-003
3,3,0,0,0,179,2048,1,0,2,3,0,1,0,0,0,1,1,3,1,1,0,0,High,smtps_static_rsa,smtp-stream-0,SMTP,465,1,2,CIPHER-002|CERT-003
3,3,1,0,0,179,2048,1,0,2,3,1,1,0,0,0,1,1,3,1,0,0,0,High,imaps_san_mismatch,imap-stream-0,IMAP,993,1,2,CERT-002|CERT-003
3,3,1,0,0,179,2048,1,0,2,3,1,1,0,0,0,1,1,3,1,0,0,0,High,imaps_san_mismatch,imap-stream-0,IMAP,993,1,2,CERT-002|CERT-003
3,3,1,0,0,179,2048,1,0,2,3,1,1,0,0,0,1,1,3,1,0,0,0,High,imaps_san_mismatch,imap-stream-0,IMAP,993,1,2,CERT-002|CERT-003
3,3,1,0,0,179,2048,1,0,2,3,1,1,0,0,0,1,1,3,1,0,0,0,High,imaps_san_mismatch,imap-stream-0,IMAP,993,1,2,CERT-002|CERT-003
3,3,1,0,0,179,2048,1,0,2,3,1,1,0,0,0,1,1,3,1,0,0,0,High,imaps_san_mismatch,imap-stream-0,IMAP,993,1,2,CERT-002|CERT-003
3,3,1,0,0,179,2048,1,0,2,3,1,1,0,0,0,1,1,3,1,0,0,0,High,imaps_san_mismatch,imap-stream-0,IMAP,993,1,2,CERT-002|CERT-003
3,3,1,0,0,179,2048,1,0,2,3,1,1,0,0,0,1,1,3,1,0,0,0,High,imaps_san_mismatch,imap-stream-0,IMAP,993,1,2,CERT-002|CERT-003
3,3,1,0,0,179,2048,1,0,2,3,1,1,0,0,0,1,1,3,1,0,0,0,High,imaps_san_mismatch,imap-stream-0,IMAP,993,1,2,CERT-002|CERT-003
3,3,1,0,0,179,2048,1,0,2,3,1,1,0,0,0,1,1,3,1,0,0,0,High,imaps_san_mismatch,imap-stream-0,IMAP,993,1,2,CERT-002|CERT-003
3,3,1,0,0,179,2048,1,0,2,3,1,1,0,0,0,1,1,3,1,0,0,0,High,imaps_san_mismatch,imap-stream-0,IMAP,993,1,2,CERT-002|CERT-003
3,3,1,0,0,179,2048,1,0,2,3,1,1,0,0,0,1,1,3,1,0,0,0,High,imaps_san_mismatch,imap-stream-0,IMAP,993,1,2,CERT-002|CERT-003
3,3,1,0,0,179,2048,1,0,2,3,1,1,0,0,0,1,1,3,1,0,0,0,High,imaps_san_mismatch,imap-stream-0,IMAP,993,1,2,CERT-002|CERT-003
3,3,1,0,0,179,2048,1,0,2,3,1,1,0,0,0,1,1,3,1,0,0,0,High,imaps_san_mismatch,imap-stream-0,IMAP,993,1,2,CERT-002|CERT-003
3,3,1,0,0,179,2048,1,0,2,3,1,1,0,0,0,1,1,3,1,0,0,0,High,imaps_san_mismatch,imap-stream-0,IMAP,993,1,2,CERT-002|CERT-003
3,3,1,0,0,179,2048,1,0,2,3,1,1,0,0,0,1,1,3,1,0,0,0,High,imaps_san_mismatch,imap-stream-0,IMAP,993,1,2,CERT-002|CERT-003
3,3,1,0,0,179,2048,1,0,2,3,1,1,0,0,0,1,1,3,1,0,0,0,High,imaps_san_mismatch,imap-stream-0,IMAP,993,1,2,CERT-002|CERT-003
3,3,1,0,0,179,2048,1,0,2,3,1,1,0,0,0,1,1,3,1,0,0,0,High,imaps_san_mismatch,imap-stream-0,IMAP,993,1,2,CERT-002|CERT-003
3,3,1,0,0,179,2048,1,0,2,3,1,1,0,0,0,1,1,3,1,0,0,0,High,imaps_san_mismatch,imap-stream-0,IMAP,993,1,2,CERT-002|CERT-003
3,3,1,0,0,179,2048,1,0,2,3,1,1,0,0,0,1,1,3,1,0,0,0,High,imaps_san_mismatch,imap-stream-0,IMAP,993,1,2,CERT-002|CERT-003
3,3,1,0,0,179,2048,1,0,2,3,1,1,0,0,0,1,1,3,1,0,0,0,High,imaps_san_mismatch,imap-stream-0,IMAP,993,1,2,CERT-002|CERT-003
3,3,1,0,0,179,2048,1,0,2,3,1,1,0,0,0,1,1,3,1,0,0,0,High,imaps_san_mismatch,imap-stream-0,IMAP,993,1,2,CERT-002|CERT-003
3,3,1,0,0,179,2048,1,0,2,3,1,1,0,0,0,1,1,3,1,0,0,0,High,imaps_san_mismatch,imap-stream-0,IMAP,993,1,2,CERT-002|CERT-003
3,3,1,0,0,179,2048,1,0,2,3,1,1,0,0,0,1,1,3,1,0,0,0,High,imaps_san_mismatch,imap-stream-0,IMAP,993,1,2,CERT-002|CERT-003
3,3,1,0,0,179,2048,1,0,2,3,1,1,0,0,0,1,1,3,1,0,0,0,High,imaps_san_mismatch,imap-stream-0,IMAP,993,1,2,CERT-002|CERT-003
3,3,1,0,0,179,2048,1,0,2,3,1,1,0,0,0,1,1,3,1,0,0,0,High,imaps_san_mismatch,imap-stream-0,IMAP,993,1,2,CERT-002|CERT-003
3,3,1,0,0,179,2048,1,0,2,3,1,1,0,0,0,1,1,3,1,0,0,0,High,imaps_san_mismatch,imap-stream-0,IMAP,993,1,2,CERT-002|CERT-003
3,3,1,0,0,179,2048,1,0,2,3,1,1,0,0,0,1,1,3,1,0,0,0,High,imaps_san_mismatch,imap-stream-0,IMAP,993,1,2,CERT-002|CERT-003
3,3,1,0,0,179,2048,1,0,2,3,1,1,0,0,0,1,1,3,1,0,0,0,High,imaps_san_mismatch,imap-stream-0,IMAP,993,1,2,CERT-002|CERT-003
3,3,1,0,0,179,2048,1,0,2,3,1,1,0,0,0,1,1,3,1,0,0,0,High,imaps_san_mismatch,imap-stream-0,IMAP,993,1,2,CERT-002|CERT-003
3,3,1,0,0,179,2048,1,0,2,3,1,1,0,0,0,1,1,3,1,0,0,0,High,imaps_san_mismatch,imap-stream-0,IMAP,993,1,2,CERT-002|CERT-003
3,3,1,0,0,179,2048,1,0,2,3,1,1,0,0,0,1,1,3,1,0,0,0,High,imaps_san_mismatch,imap-stream-0,IMAP,993,1,2,CERT-002|CERT-003
3,3,1,0,0,179,2048,1,0,2,3,1,1,0,0,0,1,1,3,1,0,0,0,High,imaps_san_mismatch,imap-stream-0,IMAP,993,1,2,CERT-002|CERT-003
3,3,1,0,0,179,2048,1,0,2,3,1,1,0,0,0,1,1,3,1,0,0,0,High,imaps_san_mismatch,imap-stream-0,IMAP,993,1,2,CERT-002|CERT-003
3,3,1,0,0,179,2048,1,0,2,3,1,1,0,0,0,1,1,3,1,0,0,0,High,imaps_san_mismatch,imap-stream-0,IMAP,993,1,2,CERT-002|CERT-003
3,3,1,0,0,179,2048,1,0,2,3,1,1,0,0,0,1,1,3,1,0,0,0,High,imaps_san_mismatch,imap-stream-0,IMAP,993,1,2,CERT-002|CERT-003
3,3,1,0,0,179,2048,1,0,2,3,1,1,0,0,0,1,1,3,1,0,0,0,High,imaps_san_mismatch,imap-stream-0,IMAP,993,1,2,CERT-002|CERT-003
3,3,1,0,0,179,2048,1,0,2,3,1,1,0,0,0,1,1,3,1,0,0,0,High,imaps_san_mismatch,imap-stream-0,IMAP,993,1,2,CERT-002|CERT-003
3,3,1,0,0,179,2048,1,0,2,3,1,1,0,0,0,1,1,3,1,0,0,0,High,imaps_san_mismatch,imap-stream-0,IMAP,993,1,2,CERT-002|CERT-003
3,3,1,0,0,179,2048,1,0,2,3,1,1,0,0,0,1,1,3,1,0,0,0,High,imaps_san_mismatch,imap-stream-0,IMAP,993,1,2,CERT-002|CERT-003
3,3,1,0,0,179,2048,1,0,2,3,1,1,0,0,0,1,1,3,1,0,0,0,High,imaps_san_mismatch,imap-stream-0,IMAP,993,1,2,CERT-002|CERT-003
3,3,1,0,0,179,2048,1,0,2,3,1,1,0,0,0,1,1,3,1,0,0,0,High,imaps_san_mismatch,imap-stream-0,IMAP,993,1,2,CERT-002|CERT-003
3,3,1,0,0,179,2048,1,0,2,3,1,1,0,0,0,1,1,3,1,0,0,0,High,imaps_san_mismatch,imap-stream-0,IMAP,993,1,2,CERT-002|CERT-003
3,3,1,0,0,179,2048,1,0,2,3,1,1,0,0,0,1,1,3,1,0,0,0,High,imaps_san_mismatch,imap-stream-0,IMAP,993,1,2,CERT-002|CERT-003
3,3,1,0,0,179,2048,1,0,2,3,1,1,0,0,0,1,1,3,1,0,0,0,High,imaps_san_mismatch,imap-stream-0,IMAP,993,1,2,CERT-002|CERT-003
3,3,1,0,0,179,2048,1,0,2,3,1,1,0,0,0,1,1,3,1,0,0,0,High,imaps_san_mismatch,imap-stream-0,IMAP,993,1,2,CERT-002|CERT-003
3,3,1,0,0,179,2048,1,0,2,3,1,1,0,0,0,1,1,3,1,0,0,0,High,imaps_san_mismatch,imap-stream-0,IMAP,993,1,2,CERT-002|CERT-003
3,3,1,0,0,179,2048,1,0,2,3,1,1,0,0,0,1,1,3,1,0,0,0,High,imaps_san_mismatch,imap-stream-0,IMAP,993,1,2,CERT-002|CERT-003
3,3,1,0,0,179,2048,1,0,2,3,1,1,0,0,0,1,1,3,1,0,0,0,High,imaps_san_mismatch,imap-stream-0,IMAP,993,1,2,CERT-002|CERT-003
3,3,1,0,0,179,2048,1,0,2,3,1,1,0,0,0,1,1,3,1,0,0,0,High,imaps_san_mismatch,imap-stream-0,IMAP,993,1,2,CERT-002|CERT-003
3,3,1,0,0,179,2048,1,0,2,3,1,1,0,0,0,1,1,3,1,0,0,0,High,imaps_san_mismatch,imap-stream-0,IMAP,993,1,2,CERT-002|CERT-003
1,0,0,0,0,179,2048,1,0,4,4,0,1,0,0,0,1,1,3,1,1,0,0,Critical,smtps_legacy_tls10,smtp-stream-0,SMTP,465,1,4,TLS-002|CIPHER-001|CIPHER-002|CERT-003
1,0,0,0,0,179,2048,1,0,4,4,0,1,0,0,0,1,1,3,1,1,0,0,Critical,smtps_legacy_tls10,smtp-stream-0,SMTP,465,1,4,TLS-002|CIPHER-001|CIPHER-002|CERT-003
1,0,0,0,0,179,2048,1,0,4,4,0,1,0,0,0,1,1,3,1,1,0,0,Critical,smtps_legacy_tls10,smtp-stream-0,SMTP,465,1,4,TLS-002|CIPHER-001|CIPHER-002|CERT-003
1,0,0,0,0,179,2048,1,0,4,4,0,1,0,0,0,1,1,3,1,1,0,0,Critical,smtps_legacy_tls10,smtp-stream-0,SMTP,465,1,4,TLS-002|CIPHER-001|CIPHER-002|CERT-003
1,0,0,0,0,179,2048,1,0,4,4,0,1,0,0,0,1,1,3,1,1,0,0,Critical,smtps_legacy_tls10,smtp-stream-0,SMTP,465,1,4,TLS-002|CIPHER-001|CIPHER-002|CERT-003
1,0,0,0,0,179,2048,1,0,4,4,0,1,0,0,0,1,1,3,1,1,0,0,Critical,smtps_legacy_tls10,smtp-stream-0,SMTP,465,1,4,TLS-002|CIPHER-001|CIPHER-002|CERT-003
1,0,0,0,0,179,2048,1,0,4,4,0,1,0,0,0,1,1,3,1,1,0,0,Critical,smtps_legacy_tls10,smtp-stream-0,SMTP,465,1,4,TLS-002|CIPHER-001|CIPHER-002|CERT-003
1,0,0,0,0,179,2048,1,0,4,4,0,1,0,0,0,1,1,3,1,1,0,0,Critical,smtps_legacy_tls10,smtp-stream-0,SMTP,465,1,4,TLS-002|CIPHER-001|CIPHER-002|CERT-003
1,0,0,0,0,179,2048,1,0,4,4,0,1,0,0,0,1,1,3,1,1,0,0,Critical,smtps_legacy_tls10,smtp-stream-0,SMTP,465,1,4,TLS-002|CIPHER-001|CIPHER-002|CERT-003
1,0,0,0,0,179,2048,1,0,4,4,0,1,0,0,0,1,1,3,1,1,0,0,Critical,smtps_legacy_tls10,smtp-stream-0,SMTP,465,1,4,TLS-002|CIPHER-001|CIPHER-002|CERT-003
1,0,0,0,0,179,2048,1,0,4,4,0,1,0,0,0,1,1,3,1,1,0,0,Critical,smtps_legacy_tls10,smtp-stream-0,SMTP,465,1,4,TLS-002|CIPHER-001|CIPHER-002|CERT-003
1,0,0,0,0,179,2048,1,0,4,4,0,1,0,0,0,1,1,3,1,1,0,0,Critical,smtps_legacy_tls10,smtp-stream-0,SMTP,465,1,4,TLS-002|CIPHER-001|CIPHER-002|CERT-003
1,0,0,0,0,179,2048,1,0,4,4,0,1,0,0,0,1,1,3,1,1,0,0,Critical,smtps_legacy_tls10,smtp-stream-0,SMTP,465,1,4,TLS-002|CIPHER-001|CIPHER-002|CERT-003
1,0,0,0,0,179,2048,1,0,4,4,0,1,0,0,0,1,1,3,1,1,0,0,Critical,smtps_legacy_tls10,smtp-stream-0,SMTP,465,1,4,TLS-002|CIPHER-001|CIPHER-002|CERT-003
1,0,0,0,0,179,2048,1,0,4,4,0,1,0,0,0,1,1,3,1,1,0,0,Critical,smtps_legacy_tls10,smtp-stream-0,SMTP,465,1,4,TLS-002|CIPHER-001|CIPHER-002|CERT-003
1,0,0,0,0,179,2048,1,0,4,4,0,1,0,0,0,1,1,3,1,1,0,0,Critical,smtps_legacy_tls10,smtp-stream-0,SMTP,465,1,4,TLS-002|CIPHER-001|CIPHER-002|CERT-003
1,0,0,0,0,179,2048,1,0,4,4,0,1,0,0,0,1,1,3,1,1,0,0,Critical,smtps_legacy_tls10,smtp-stream-0,SMTP,465,1,4,TLS-002|CIPHER-001|CIPHER-002|CERT-003
1,0,0,0,0,179,2048,1,0,4,4,0,1,0,0,0,1,1,3,1,1,0,0,Critical,smtps_legacy_tls10,smtp-stream-0,SMTP,465,1,4,TLS-002|CIPHER-001|CIPHER-002|CERT-003
1,0,0,0,0,179,2048,1,0,4,4,0,1,0,0,0,1,1,3,1,1,0,0,Critical,smtps_legacy_tls10,smtp-stream-0,SMTP,465,1,4,TLS-002|CIPHER-001|CIPHER-002|CERT-003
1,0,0,0,0,179,2048,1,0,4,4,0,1,0,0,0,1,1,3,1,1,0,0,Critical,smtps_legacy_tls10,smtp-stream-0,SMTP,465,1,4,TLS-002|CIPHER-001|CIPHER-002|CERT-003
1,0,0,0,0,179,2048,1,0,4,4,0,1,0,0,0,1,1,3,1,1,0,0,Critical,smtps_legacy_tls10,smtp-stream-0,SMTP,465,1,4,TLS-002|CIPHER-001|CIPHER-002|CERT-003
1,0,0,0,0,179,2048,1,0,4,4,0,1,0,0,0,1,1,3,1,1,0,0,Critical,smtps_legacy_tls10,smtp-stream-0,SMTP,465,1,4,TLS-002|CIPHER-001|CIPHER-002|CERT-003
1,0,0,0,0,179,2048,1,0,4,4,0,1,0,0,0,1,1,3,1,1,0,0,Critical,smtps_legacy_tls10,smtp-stream-0,SMTP,465,1,4,TLS-002|CIPHER-001|CIPHER-002|CERT-003
1,0,0,0,0,179,2048,1,0,4,4,0,1,0,0,0,1,1,3,1,1,0,0,Critical,smtps_legacy_tls10,smtp-stream-0,SMTP,465,1,4,TLS-002|CIPHER-001|CIPHER-002|CERT-003
1,0,0,0,0,179,2048,1,0,4,4,0,1,0,0,0,1,1,3,1,1,0,0,Critical,smtps_legacy_tls10,smtp-stream-0,SMTP,465,1,4,TLS-002|CIPHER-001|CIPHER-002|CERT-003
1,0,0,0,0,179,2048,1,0,4,4,0,1,0,0,0,1,1,3,1,1,0,0,Critical,smtps_legacy_tls10,smtp-stream-0,SMTP,465,1,4,TLS-002|CIPHER-001|CIPHER-002|CERT-003
1,0,0,0,0,179,2048,1,0,4,4,0,1,0,0,0,1,1,3,1,1,0,0,Critical,smtps_legacy_tls10,smtp-stream-0,SMTP,465,1,4,TLS-002|CIPHER-001|CIPHER-002|CERT-003
1,0,0,0,0,179,2048,1,0,4,4,0,1,0,0,0,1,1,3,1,1,0,0,Critical,smtps_legacy_tls10,smtp-stream-0,SMTP,465,1,4,TLS-002|CIPHER-001|CIPHER-002|CERT-003
1,0,0,0,0,179,2048,1,0,4,4,0,1,0,0,0,1,1,3,1,1,0,0,Critical,smtps_legacy_tls10,smtp-stream-0,SMTP,465,1,4,TLS-002|CIPHER-001|CIPHER-002|CERT-003
1,0,0,0,0,179,2048,1,0,4,4,0,1,0,0,0,1,1,3,1,1,0,0,Critical,smtps_legacy_tls10,smtp-stream-0,SMTP,465,1,4,TLS-002|CIPHER-001|CIPHER-002|CERT-003
1,0,0,0,0,179,2048,1,0,4,4,0,1,0,0,0,1,1,3,1,1,0,0,Critical,smtps_legacy_tls10,smtp-stream-0,SMTP,465,1,4,TLS-002|CIPHER-001|CIPHER-002|CERT-003
1,0,0,0,0,179,2048,1,0,4,4,0,1,0,0,0,1,1,3,1,1,0,0,Critical,smtps_legacy_tls10,smtp-stream-0,SMTP,465,1,4,TLS-002|CIPHER-001|CIPHER-002|CERT-003
1,0,0,0,0,179,2048,1,0,4,4,0,1,0,0,0,1,1,3,1,1,0,0,Critical,smtps_legacy_tls10,smtp-stream-0,SMTP,465,1,4,TLS-002|CIPHER-001|CIPHER-002|CERT-003
1,0,0,0,0,179,2048,1,0,4,4,0,1,0,0,0,1,1,3,1,1,0,0,Critical,smtps_legacy_tls10,smtp-stream-0,SMTP,465,1,4,TLS-002|CIPHER-001|CIPHER-002|CERT-003
1,0,0,0,0,179,2048,1,0,4,4,0,1,0,0,0,1,1,3,1,1,0,0,Critical,smtps_legacy_tls10,smtp-stream-0,SMTP,465,1,4,TLS-002|CIPHER-001|CIPHER-002|CERT-003
1,0,0,0,0,179,2048,1,0,4,4,0,1,0,0,0,1,1,3,1,1,0,0,Critical,smtps_legacy_tls10,smtp-stream-0,SMTP,465,1,4,TLS-002|CIPHER-001|CIPHER-002|CERT-003
1,0,0,0,0,179,2048,1,0,4,4,0,1,0,0,0,1,1,3,1,1,0,0,Critical,smtps_legacy_tls10,smtp-stream-0,SMTP,465,1,4,TLS-002|CIPHER-001|CIPHER-002|CERT-003
1,0,0,0,0,179,2048,1,0,4,4,0,1,0,0,0,1,1,3,1,1,0,0,Critical,smtps_legacy_tls10,smtp-stream-0,SMTP,465,1,4,TLS-002|CIPHER-001|CIPHER-002|CERT-003
1,0,0,0,0,179,2048,1,0,4,4,0,1,0,0,0,1,1,3,1,1,0,0,Critical,smtps_legacy_tls10,smtp-stream-0,SMTP,465,1,4,TLS-002|CIPHER-001|CIPHER-002|CERT-003
1,0,0,0,0,179,2048,1,0,4,4,0,1,0,0,0,1,1,3,1,1,0,0,Critical,smtps_legacy_tls10,smtp-stream-0,SMTP,465,1,4,TLS-002|CIPHER-001|CIPHER-002|CERT-003
1,0,0,0,0,179,2048,1,0,4,4,0,1,0,0,0,1,1,3,1,1,0,0,Critical,smtps_legacy_tls10,smtp-stream-0,SMTP,465,1,4,TLS-002|CIPHER-001|CIPHER-002|CERT-003
1,0,0,0,0,179,2048,1,0,4,4,0,1,0,0,0,1,1,3,1,1,0,0,Critical,smtps_legacy_tls10,smtp-stream-0,SMTP,465,1,4,TLS-002|CIPHER-001|CIPHER-002|CERT-003
1,0,0,0,0,179,2048,1,0,4,4,0,1,0,0,0,1,1,3,1,1,0,0,Critical,smtps_legacy_tls10,smtp-stream-0,SMTP,465,1,4,TLS-002|CIPHER-001|CIPHER-002|CERT-003
1,0,0,0,0,179,2048,1,0,4,4,0,1,0,0,0,1,1,3,1,1,0,0,Critical,smtps_legacy_tls10,smtp-stream-0,SMTP,465,1,4,TLS-002|CIPHER-001|CIPHER-002|CERT-003
1,0,0,0,0,179,2048,1,0,4,4,0,1,0,0,0,1,1,3,1,1,0,0,Critical,smtps_legacy_tls10,smtp-stream-0,SMTP,465,1,4,TLS-002|CIPHER-001|CIPHER-002|CERT-003
1,0,0,0,0,179,2048,1,0,4,4,0,1,0,0,0,1,1,3,1,1,0,0,Critical,smtps_legacy_tls10,smtp-stream-0,SMTP,465,1,4,TLS-002|CIPHER-001|CIPHER-002|CERT-003
1,0,0,0,0,179,2048,1,0,4,4,0,1,0,0,0,1,1,3,1,1,0,0,Critical,smtps_legacy_tls10,smtp-stream-0,SMTP,465,1,4,TLS-002|CIPHER-001|CIPHER-002|CERT-003
1,0,0,0,0,179,2048,1,0,4,4,0,1,0,0,0,1,1,3,1,1,0,0,Critical,smtps_legacy_tls10,smtp-stream-0,SMTP,465,1,4,TLS-002|CIPHER-001|CIPHER-002|CERT-003
1,0,0,0,0,179,2048,1,0,4,4,0,1,0,0,0,1,1,3,1,1,0,0,Critical,smtps_legacy_tls10,smtp-stream-0,SMTP,465,1,4,TLS-002|CIPHER-001|CIPHER-002|CERT-003
1,0,0,0,0,179,2048,1,0,4,4,0,1,0,0,0,1,1,3,1,1,0,0,Critical,smtps_legacy_tls10,smtp-stream-0,SMTP,465,1,4,TLS-002|CIPHER-001|CIPHER-002|CERT-003
